id,name,personality_1,personality_2,likes
1,妙蛙種子,內向,細心,在出生後的一段時間內，牠會吸收背上種子裡儲存著的營養成長。
2,妙蛙草,穩重,耐心,在吸收了養分後，變大的花苞開始飄出香氣時，就表示快要開花了。
3,妙蛙花,自信,向陽,長在背上的大花能夠吸收太陽光，並轉換成能量。
4,小火龍,堅韌,勇敢,要是把牠帶到安靜的地方，就能聽見牠的尾巴燃燒時發出的微小聲音。
5,火恐龍,暴躁,好戰,如果牠在戰鬥中亢奮起來，就會噴出灼熱的火焰，把周圍的東西燒得一乾二淨。
6,噴火龍,激進,自大,會噴出彷彿連岩石都能燒焦的灼熱火焰。有時會引發森林火災。
7,傑尼龜,穩重,機敏,會從水面噴水來擊落獵物。當遇到危險時，會把手腳縮進甲殼裡保護自己。
8,卡咪龜,靈活,平衡,會靈巧地擺動自己毛茸茸的耳朵和尾巴，藉此在水中保持平衡。
9,水箭龜,強壯,自信,會用重量驚人的身體壓住對手使其昏厥。遇到危險時會躲進殼裡。
10,綠毛蟲,膽小,警覺,如果碰到牠頭上的觸角，牠就會分泌強烈的臭味來保護自己。
11,鐵甲蛹,沉穩,謹慎,殼裡面是黏糊糊的液體。為了準備迎接進化，正不斷更新全身的細胞。
12,巴大蝶,機靈,觀察力強,如果被其他寶可夢襲擊，就會一邊散布有毒的鱗粉，一邊拍動翅膀抵抗。
13,獨角蟲,隱蔽,勤奮,頭上長著尖銳的針。總是躲在森林或是草叢裡，不停地吃著葉子。
14,鐵殼蛹,防禦性,安靜,雖然幾乎動也動不了，但如果遭遇到了危險，有時似乎會豎起毒刺來反抗。
15,大針蜂,攻擊性,敏捷,會用雙手和屁股上的３根毒針不斷猛刺來攻擊對手。
16,波波,溫馴,謙和,性情溫馴，即使遭到襲擊也很少反擊，只會朝對手潑沙子來保護自己。
17,比比鳥,好奇,勤奮,擁有著超乎尋常的體力，會在廣大的地盤裡四處飛行，到遠處去尋找食物。
18,大比鳥,強大,無畏,會以２馬赫的速度飛行來尋找食物。巨大的爪子是很可怕的武器。
19,小拉達,聰明,機警,門牙會終生生長，如果長得太長，就會因為無法進食而餓死。
20,拉達,強壯,耐力好,擅長游泳。後腳帶有小小的足蹼，會游過河流，有時還會渡過大海。
21,烈雀,貪婪,頑強,翅膀很短，不太擅長飛行。總是忙碌地來回走動，啄食草叢裡的蟲寶可夢。
22,大嘴雀,狡猾,迅速,在大嘴雀的地盤上帶著食物走動是件危險的事，食物轉眼間就會被奪走。
23,阿柏蛇,冷酷,耐心,會藉由讓下顎脫臼來吞食比自己更大的獵物。進食之後會蜷縮起身子休息。
24,阿柏怪,強悍,神秘,用腹部的花紋使對手畏縮後，就會迅速地用身體纏緊對手，然後靜待對手心跳停止。
25,皮卡丘,活潑,充滿能量,擁有儲蓄電力的特性。皮卡丘群居的森林裡會不斷落雷，十分危險。
26,雷丘,易怒,強壯,電力積聚的話，脾氣就會變壞。即使是訓練家，一不留神也會被襲擊。
27,穿山鼠,靜默,小心翼翼,不下雨的乾燥地區和沙漠是牠的主要棲息地。會挖洞捕捉蟲寶可夢。
28,穿山王,強硬,自我保護,銳利卻有點脆弱的爪子和尖刺經常折斷。但因為第二天就會長回來，所以不必在意。
29,尼多蘭,溫馴,低調,性情溫馴不喜歡戰鬥。但由於牠的小角中含有毒液，因此還是要小心提防。
30,尼多娜,謙和,保護性強,人們認為牠額頭上的角是為了避免在給孩子餵食時刺到孩子而退化的。
31,尼多后,母性,溫和,會把孩子放在背上的刺與刺之間來哄牠們。這時候絕對不會釋放毒素。
32,尼多朗,警覺,果斷,體型嬌小，但性情勇猛。為了保護感情好的雌性，會奮不顧身地勇敢戰鬥。
33,尼多力諾,易怒,激烈,神經質且容易發脾氣打架。當體內的腎上腺素增加時，毒素的濃度也會提升。
34,尼多王,保護性強,暴力,一旦大鬧起來就無人能擋，但在長年相伴的尼多后面前則會露出溫和的表情。
35,皮皮,神秘,團結,因為可愛的舉止和模樣，不論男女老幼都很喜歡牠。但數量很稀少。
36,皮可西,孤獨,敏感,據說，如果看到一對皮可西蹦蹦跳跳的樣子，就能獲得幸福的婚姻。
37,六尾,神秘,機警,牠美麗的尾巴深受人們喜愛。但如果沒有經常幫牠梳理，很快就會變得滿是毛球。
38,九尾,威嚴,冷靜,性情執拗，一旦遭到牠的怨恨，牠會在１０００年間不斷作祟，連對方的子孫都不放過。
39,胖丁,友好,歌唱天才,擁有超過１２個八度音的音域，不過歌唱得好不好就要看每隻胖丁自己努力的程度了。
40,胖可丁,競爭性強,自信,蓬鬆的毛髮會隨季節變遷而掉落。收集這些毛髮所紡織成的毛線是高級商品。
41,超音蝠,耐心,謹慎,白天在洞穴裡睡覺。由於沒有眼睛，會利用超音波一邊確認周圍環境一邊飛行。
42,大嘴蝠,強悍,自我保護,也有發生過因吸血過多無法飛行而落到地面成為其他寶可夢的食物的事情。
43,走路草,膽怯,謹慎,沐浴月光就會開始活動。為了四處散播種子，會在夜晚到處走動。
44,臭臭花,特立獨行,自信,味道奇臭無比！然而每1000人裡總會有１個人喜歡聞這個味道。
45,霸王花,沉著,強勢,當牠為了散佈有毒的花粉而搖晃大大的花瓣時，會發出震耳欲聾的聲響。
46,派拉斯,勤奮,耐力好,不知是因為濕氣不夠還是營養不足，阿羅拉的派拉斯背上的蘑菇長得都不怎麼樣。
47,派拉斯特,受控,合作,大大的蘑菇操縱著派拉斯特。經常和燈罩夜菇爭奪地盤。
48,毛球,好奇,觀察力強,在明亮的地方看就會發現那對有著雷達作用的大眼睛，是由許多小眼睛聚集而成的。
49,摩魯蛾,毒辣,靈敏,翅膀上的鱗粉一旦沾到身上就很難甩掉，而且鱗粉帶有的毒素還會逐漸滲入體內。
50,地鼠,勤奮,有用,會在地下嚼食樹根。根據種植的蔬菜品種不同，有時會對農家造成災害的寶可夢。
51,三地鼠,合作性強,家族觀念重,和農戶等大多數人都很親近，不過還是沒有人見過牠在地面下的樣子。
52,喵喵,懶散,狡猾,只要去垃圾場就能看見牠和黑暗鴉為了爭奪發亮的東西而激烈互鬥的景象。
53,貓老大,傲慢,難以接近,性情粗暴，單單是視線對上就會猛撲過來。被銳利的爪子抓到的話，就會留下很深的傷口。
54,可達鴨,困惑,耐心不足,身體無意識地不時產生念力，讓牠因為頭痛而哭泣。
55,哥達鴨,鎮定,專注,即使面對游得很快的魚寶可夢，也能用定身法停住對方的動作，輕易地捕捉獵物。
56,猴怪,暴躁,易怒,會沒有任何徵兆突然發怒。大肆胡鬧把周圍的一切都趕走之後，又會因受不了孤獨而再次發怒。
57,火爆猴,不屈不撓,持久,某位研究者的學說中提到，即使在精靈球裡，火爆猴好像也在發怒。
58,卡蒂狗,忠誠,保護性強,雖說很可愛，但如果靠近不認識的訓練家的卡蒂狗，是會被狂吠撕咬的。
59,風速狗,勇敢,無畏,只需要一晝夜時間就能跑完１００００公里的身影令許多人為之沉醉。
60,蚊香蝌蚪,觀察力強,脆弱,走路還是很不純熟。成為牠的訓練家後，要每天給牠做走路訓練哦。
61,蚊香君,自我保護,機敏,雖然已經能在陸地上生活，但還是棲息在有大量魚寶可夢可以獵食的水中。
62,蚊香泳士,強壯,自信,阿羅拉的蚊香泳士擅長蛙泳。模仿蚊香泳士學習游泳的孩子也有很多。
63,凱西,沉思,好奇,１天中有１８個小時都在睡覺。即使在睡夢中也能用瞬間移動跑到樹上去採樹果吃。
64,勇基拉,機敏,專注,勇基拉在的時候，電視機等機械的螢幕中會有喚來不幸的可怕影像閃現。
65,胡地,智慧,深沉,智商大約有５０００。滿溢著強大的念力，光是在牠身旁就會頭痛不已。
66,腕力,強壯,勤奮,那種能扔飛１００個成年人的可怕力量是透過每天舉隆隆石來練成的。
67,豪力,堅毅,自律,不斷鍛煉的成果就是獲得了非常驚人的力量。會靈活運用這股力量幫助人工作。
68,怪力,無敵,自信,能使出百萬噸級的拳擊，將擋路的敵人擊飛到地平線的另一端。
69,喇叭芽,活潑,喜歡冒險,喜歡高溫多濕的環境。會利用藤蔓捕捉小蟲當成自己的食物。
70,口呆花,貪婪,自信,肚子餓的時候會把周圍會動的東西全都吞下去，然後用溶解液致其於死地。
71,大食花,兇猛,耐心,會用花蜜的香氣引誘獵物。據說被牠吞進了嘴裡的東西只要１天就會溶解到連骨頭都不剩。
72,瑪瑙水母,機靈,耐力好,就算在沙灘等地方曬得乾乾的，在很多情況下依然可以存活。泡在水裡就會回復濕潤而復活了。
73,毒刺水母,冷酷,兇猛,會從紅色珠子中發出超音波，使獵物變得虛弱，然後用８０根觸手纏住獵物。
74,小拳石,堅定,強壯,活得久的小拳石身上的稜角會被磨平而變得圓滾滾的，性格也會變得穩重而隨和。
75,隆隆石,耐力好,頑固,因腿腳笨拙而把身體蜷成一團翻滾著移動。滾出勢頭來的話，時速能超過１００公里。
76,隆隆岩,強悍,堅硬,年老之後就不會再脫皮。活過了漫長歲月的隆隆岩外皮會長滿苔蘚而變成綠色。
77,小火馬,輕盈,迅捷,在高高跳起之後，會用四蹄和腿上的肌肉來緩和落地時的衝擊。
78,烈焰馬,勇敢,無畏,奔跑速度最快的烈焰馬會成為首領，決定族群前往的地點和奔跑速度。
79,呆呆獸,懶惰,無憂無慮,傳說當呆呆獸打呵欠時就會開始下雨，所以據說有些地區會祭祀呆呆獸。
80,呆殼獸,聰明,忘性大,呆呆地遠望著大海。大舌貝的毒因為在身體中循環，變得越來越呆呆笨笨的。
81,小磁怪,活潑,好奇,釋放出電磁波，在空中飄浮。如果在牠吞食電力的時候碰牠，全身就會被電得劈哩啪啦的。
82,三合一磁怪,強大,沉默寡言,大約有小磁怪３倍的電力。太陽黑子多的時候，不知為何會大量出現。
83,大蔥鴨,好戰,忠誠,會將翅膀所拿的莖狀植物當成劍一般去劈砍對手。在非常時期會拿它當作食物。
84,嘟嘟,迅捷,勤奮,翅膀短小不擅長飛行，但是擁有發達的雙腳，能以很快的速度奔跑。
85,嘟嘟利,強壯,忠誠,嘟嘟的其中一個頭分裂形成的變種。能以60公里的時速在草原上奔馳。
86,小海獅,無懼,自信,人們一向認為牠只棲息在寒冷的海域，沒人知道牠出現在阿羅拉的原因。
87,白海獅,沉著,愛享受,進食之後會在沙灘上做日光浴，藉此提高體溫來幫助消化。
88,臭泥,腐臭,自給自足,主要的食物是工廠排放的污泥廢液。最近數量減少了。
89,臭臭泥,堅韌,環境適應力強,總之就是臭得讓人不敢用鼻子呼吸。但是也存在著少數覺得這味道很不錯的臭臭泥愛好者。
90,大舌貝,堅硬,保護性強,靈活運用總是伸出的舌頭挖掘海底的沙子，尋找食物。
91,刺甲貝,防禦力高,強悍,擁有極為堅硬的外殼。外殼上的傷痕會逐漸隆起，最後變成巨大的尖刺。
92,鬼斯,詭異,喜歡惡作劇,據說怨念寄宿在墳場產生的瓦斯裡，最後變成了寶可夢。
93,鬼斯通,神秘,好奇,會從陰暗處襲擊人類。如果被其冰冷的舌頭舔到，就會一天天虛弱至死。
94,耿鬼,詭計多端,強大,在世界各地都能聽到孩子如果不乖的話就會被耿鬼找上門的傳說。
95,大岩蛇,強壯,耐力好,彎曲扭動巨大結實的身體，以時速８０公里的猛烈勢頭挖掘前進。
96,催眠貘,神秘,安靜,吞食夢來生存的寶可夢。被認為與食夢夢和夢夢蝕有著共同的祖先。
97,引夢貘人,威嚴,智慧,不論遇到誰都先讓對方睡著，品嘗對方的夢。如果遇到了好夢，就會強行帶走。
98,大鉗蟹,戰鬥性強,防禦性高,能在海邊找到牠。巨大的鉗子即使斷掉也會再長出來。
99,巨鉗蟹,粗暴,堅硬,只有一邊變得巨大的鉗子有著鋼鐵般的硬度和１萬馬力的力量，但實在是太重了。
100,霹靂電球,好動,易怒,據說和精靈球相似的外型是牠的保護色，但令人意外地牠其實很容易就會自爆。
101,頑皮雷彈,衝動,喜歡自爆,只要受到任何一點衝擊，體內的電能就會迅速膨脹然後爆炸。
102,蛋蛋,團結,自我保護,用心靈感應與夥伴交流。聽說同時具備植物與某種屬性的基因。
103,椰蛋樹,多樣性,合作,會用精神力量迎戰敵人。３個頭會分別發出念力，所以威力也會變成３倍。
104,卡拉卡拉,懷舊,悲傷,想起與自己死別的母親而大聲哭泣，被聽到聲音的禿鷹娜從空中襲擊。
105,嘎啦嘎啦,復仇心強,自信,會投擲骨頭擊落禿鷹娜。人們認為牠這麼做是為了幫母親報仇。
106,飛腿郎,靈活,果斷,雙腿能夠自由伸縮，即使離得很遠也能把對手一腳踢飛。
107,快拳郎,強悍,無懼,牠的拳擊就像是鑽頭！在牠的攻擊之下，即使是水泥牆也會被鑽出洞來。
108,大舌頭,好奇,有趣,長達２公尺的舌頭比前腳還要靈活。如果被牠舔到，不知為何會感到麻痺。
109,瓦斯彈,腐敗,喜歡廢棄物,污濁的空氣是牠的美味大餐。據說在昔日的伽勒爾地區曾經存在著更多的瓦斯彈。
110,雙彈瓦斯,毒性強,環境適應力強,雖然吸入空氣的力量稍弱於伽勒爾的雙彈瓦斯，製造出的毒素卻更加強力。
111,獨角犀牛,堅韌,忘性大,頭腦很差但力氣很大，只要撞擊就能把高樓大廈撞得粉粹。
112,鑽角犀獸,防禦力強,耐心,進化後變得只用後腳就能站立。如果被牠的角刺中，就連岩石也會被開出洞來。
113,吉利蛋,慈愛,善良,因為是數量稀少而且逃跑很快的寶可夢，所以能找到牠的人運氣相當不錯。
114,蔓藤怪,靈活,喜歡植物,身體被藍色的藤蔓裹著，沒有人知道牠的真面目。據說藤蔓會持續不斷生長。
115,袋獸,母性,保護性強,把自己的孩子放進腹部的袋子裡保護，會毫不留情地狠狠教訓傷害自己孩子的傢伙。
116,墨海馬,活潑,機靈,棲息在海流平穩的海域。被襲擊時會吐出漆黑的墨汁，然後趁機逃走。
117,海刺龍,毒性強,自我保護,嘴部雖然細，但吸力卻很強。就算是比嘴還要大的食物，也都能瞬間吸進口裡吃掉。
118,角金魚,美麗,靈活,被角的長度和魚鰭的美麗所迷住，因而只培育角金魚的風雅訓練家也是很多的。
119,金魚王,優雅,力量強,天氣變涼的時候，全身就會暈染成鮮紅色。那樣子正如令人感覺到秋意的風景詩。
120,海星星,神秘,好奇,大多在海邊棲息。夜幕降臨時，身體的正中會閃耀出怪異的紅色光芒。
121,寶石海星,珍貴,閃亮,因為身體的造型很抽象，被本地的人謠傳為來自宇宙的侵略者。
122,魔牆人偶,幽默,靈活,實力出神入化的默劇高手。當人們看牠的表演看到入神時，不知不覺間眼前會出現真正的牆壁。
123,飛天螳螂,敏捷,致命,鋒利的２把鐮刀不只是武器，飛天螳螂會靈巧地用鐮刀分解獵物來進食。
124,迷唇姐,節奏感好,輕快,奇異的叫聲聽起來就像是人類的語言。也有些音樂家會創作讓迷唇姐唱的曲子。
125,電擊獸,活力充沛,強壯,全身帶著電流，會不斷轉動手臂來充電然後使出拳擊。
126,鴨嘴火獸,熱情,喜歡火焰,全身都在燃燒，光是呼出的氣息就帶著高溫，打噴嚏時會同時噴出火焰。
127,凱羅斯,好戰,力量強,會用長長的角把對手夾住，就這樣把對方夾成兩半。力量非常強大，但很害怕寒冷。
128,肯泰羅,暴躁,無畏,性格暴躁的寶可夢，但是聽說阿羅拉地區的肯泰羅會比較穩重。
129,鯉魚王,弱小,頑強,在遙遠的過去實力還算強大，但隨著時光的流轉，牠變得越來越弱了。
130,暴鯉龍,兇猛,強大,會不斷吐出破壞光線，把周圍一帶燃燒殆盡，有的地方把牠稱為破壞神。
131,拉普拉斯,和平,善良,因違法捕撈而導致瀕臨絕種。但據說在受到重點保護之後，數量反而開始過度增加了。
132,百變怪,變幻無常,靈活,因其驚人的變身能力，無論與誰都能成為夥伴。但是百變怪同類之間的關係惡劣。
133,伊布,多樣性,適應性強,根據目前的調查，擁有進化為多達８種寶可夢的可能性。
134,水伊布,安靜,適應力強,與水融為一體，隱藏自己的氣息，一動不動地埋伏著等待獵物──魚寶可夢的到來。
135,雷伊布,活潑,力量強,體毛豎立就是要噴出電流的信號。旁邊可能會有落雷，所以要多加注意。
136,火伊布,熱情,充滿火焰,當牠大口吸入空氣時，就是即將發動攻擊的信號，１７００度的火焰即將來襲。
137,多邊獸,神秘,獨特,由於是大約２０年前的科學技術創造出的寶可夢，如今許多部分已經過時了。
138,菊石獸,神秘,獨特,復原自能夠靈活地扭動10隻腳在古代海上漂浮的寶可夢的化石。
139,多刺菊石獸,獨特,神秘,擁有尖銳的牙齒，但似乎因為甲殼太大而不易移動，最後陷入了滅絕。
140,化石盔,獨特,神秘,從化石復活而來的寶可夢。似乎會躲在海底，用背上的眼睛來觀察四周。
141,鐮刀盔,獨特,神秘,能以大約２９節的速度游動。會迅速地接近獵物，然後用鐮刀撕裂對手給予致命一擊。
142,化石翼龍,獨特,神秘,在古代是廣闊天空的王者。因巨大隕石的墜落而滅絕的學說在人們心中根深蒂固。
143,卡比獸,神秘,獨特,每天要吃下４００公斤的食物。一開始吃就會打瞌睡，即使是睡著的狀態也會繼續吃。
144,急凍鳥,神秘,獨特,擁有能自在操縱冰的能力。據說是棲息在永凍之地的雪山中。
145,閃電鳥,獨特,神秘,當天空被陰霾籠罩，落雷不斷時，傳說的寶可夢將會現身。
146,火焰鳥,神秘,獨特,相傳牠會以美麗燃燒的翅膀照亮山路，救助在山中遇險的人。
147,迷你龍,冷靜,保守,由於還很弱小，所以會潛伏在水底悄悄地生活，靠著吃沉入水底的東西為生。
148,哈克龍,冷靜,保守,據說，在水晶般的珠子裡蘊含著操縱天氣的力量。
149,快龍,神秘,獨特,一般都是非常穩重的，但如果觸碰到了牠的逆鱗，牠將毀滅一切才肯罷休。
150,超夢,獨特,神秘,身上的基因與夢幻幾乎一樣，但無論是體型大小還是性格都與夢幻有著巨大的差別。
151,夢幻,獨特,神秘,用顯微鏡觀察就會發現，牠的身上長著又細又短，十分細緻的體毛。
152,菊草葉,獨特,神秘,雖然會揮舞葉子威嚇對手，但因為葉子上會飄散出甜甜的香氣，所以雙方都會變得心平氣和下來。
153,月桂葉,獨特,神秘,脖子周圍圓圓捲起的每片葉子中，都長著１個小樹芽。那香味會讓人充滿活力。
154,大竺葵,獨特,神秘,花的香味能夠平復情緒。戰鬥的時候，牠會散發出香味來削弱對手的戰意。
155,火球鼠,熱情,衝動,會從背上噴出火焰保護自己。雖然生氣時的火焰勢頭猛烈，但疲憊時就會不完全燃燒。
156,火岩鼠,獨特,神秘,擁有一身絕不會被點燃的奇異體毛。當牠背向己方時須特別小心，這是牠將發動攻擊的信號。
157,火爆獸,熱情,衝動,會用灼熱的火焰在周圍製造出熱浪隱藏身影。燃起的爆炸氣浪能燒盡一切。
158,小鋸鱷,神秘,獨特,個子雖小但雙顎力量很強。力量強大到小鋸鱷只是想輕輕咬一下，但卻會讓對方受到重傷的程度。
159,藍鱷,神秘,獨特,一旦咬住就絕不會鬆口。牙齒尖端像魚鉤那樣向後彎曲，一旦刺進去就拔不出來了。
160,大力鱷,獨特,神秘,會張開大嘴威嚇對手。能用強韌的後腳蹬地，以驚人的速度猛撞過來。
161,尾立,獨特,神秘,睡覺的時候會輪流放哨。察覺到危險便會叫醒夥伴。和族群走散後會害怕得睡不著覺。
162,大尾立,神秘,獨特,就算受到敵人的襲擊，也能一溜煙鑽進細小的縫隙裡逃走。手腳雖短卻十分靈活。
163,咕咕,獨特,神秘,每天都會在固定的時間鳴叫。過去的人們非常重視牠，把牠當成報時的神之使者。
164,貓頭夜鷹,獨特,神秘,雙眼有著特殊的構造，只要有些微的光線，即使在黑暗中也能看得像白天一樣清楚。
165,芭瓢蟲,神秘,獨特,天性膽小，總是成群結隊，不然就會感到不安。背上的花紋每隻都有細微的不同。
166,安瓢蟲,獨特,神秘,據說牠背上的花紋與夜空中的星星有關，但詳細情形至今仍然不明。
167,圓絲蛛,神秘,獨特,總是一心一意地等待，直到愛吃的萌虻落入巢中。實在是很有耐心的寶可夢。
168,阿利多斯,神秘,獨特,屁股和嘴裡都會吐出絲。用絲綁住獵物，慢慢地吸食獵物的體液。
169,叉字蝠,獨特,神秘,因為連雙腳也變成翅膀，所以不擅長在地上行動，只能到處爬行。
170,燈籠魚,獨特,神秘,會讓２根觸手微微發光，藉此引誘獵物靠近。是種在夜釣時很好用的寶可夢。
171,電燈怪,神秘,獨特,探頭望向夜晚的海面，如果能看到有如星星閃爍一樣的光，那就是電燈怪哦。
172,皮丘,神秘,獨特,雖然很可愛，但如果一起生活的話，就必須有隨時被電擊電得麻麻的覺悟。
173,皮寶寶,神秘,獨特,會在流星多的夜裡聚集起來，圍成一圈跳舞。如果能看見牠們跳舞的樣子，就會遇上好事。
174,寶寶丁,神秘,獨特,蹦蹦蹦地彈跳著移動。因大量運動而流汗時，會發出微甜的體味。
175,波克比,神秘,獨特,殼內好像塞滿了許多幸福，據說只要溫柔地對待牠，牠就會把幸運分給對方。
176,波克基古,神秘,獨特,據說牠會為了將幸福帶給心地善良的人而現身。
177,天然雀,神秘,獨特,牠的眼神似乎一直在觀察著這裡。但只要稍微靠近，牠就會蹦蹦跳跳地逃開。
178,天然鳥,神秘,獨特,據說這種寶可夢擁有能夠預知未來的能力，但是沒有足以改變未來的力量。
179,咩利羊,神秘,獨特,用咩利羊的毛製成的衣服很容易起靜電，所以會經過特殊加工。
180,茸茸羊,獨特,神秘,一根毛髮也沒有的皮膚跟橡膠一樣不會導電，即使觸碰到也很安全。
181,電龍,獨特,神秘,尾巴發出的耀眼光芒被船員們當成引路的路標，從過去就一直深受重視。
182,美麗花,獨特,神秘,有時美麗花們會聚在一起，做出像是跳舞的動作。據說這是呼喚太陽的儀式。
183,瑪力露,冷靜,保守,很能彈開水的體毛就算是從寒冷的海裡上岸時也能立刻乾掉，一點都不冷。
184,瑪力露麗,冷靜,保守,整天幾乎都是在水中度過。天氣晴朗時會浮在水面上曬太陽。
185,樹才怪,冷靜,保守,為了不被襲擊而模仿成樹木的樣子，但如果被討厭的水潑到，就會慌慌張張地逃走。
186,蚊香蛙皇,獨特,神秘,蚊香蝌蚪和蚊香君的領袖。蚊香蛙皇一聲吼，大家都嚇得伏在地上一動不動。
187,毽子草,獨特,神秘,能隨風輕輕飄浮的寶可夢。如果感到有強風要來的跡象，夥伴之間就會互相綁緊葉子，做好不被強風吹走的準備。
188,毽子花,獨特,神秘,氣溫超過１８度就會開花。開花方式會隨著溫度的不同而變化，所以有時也會用來代替溫度計。
189,毽子棉,神秘,獨特,會乘著溫暖的南風飛越大海，一直飛到外國的寶可夢。遇到冷空氣就會降落到地面上。
190,長尾怪手,神秘,獨特,會從樹上尋找獵物。只要發現自己愛吃的甜竹竹，就會興奮地飛撲過去。
191,向日種子,獨特,神秘,為了將體內儲存的營養保留到進化那一刻，牠幾乎動也不動。平時什麼都不吃，就只會喝朝露。
192,向日花怪,獨特,神秘,會從太陽的能量中製造出營養。在氣溫高的白天會頻繁地活動，太陽下山後會突然變得一動也不動。
193,蜻蜻蜓,神秘,獨特,翅膀看似脆弱，薄到可以透光。然而當牠飛翔之時卻能拂亂大氣，發揮足以吹倒家屋的強勁力道。
194,烏波,冷靜,保守,在冰冷的水中生活。當周遭的天氣變涼時，也會來到陸地上覓食。
195,沼王,神秘,獨特,就算腦袋撞上船底或河裡的岩石，也完全不會去在意，悠然自在地游泳的悠閒寶可夢。
196,太陽伊布,神秘,獨特,據說本來沒有任何能力，是為了要保護自己，預知的能力才因此覺醒。
197,月亮伊布,獨特,神秘,夜行性寶可夢。大大的眼睛即使在一片漆黑中也能看清獵物的樣子。
198,黑暗鴉,神秘,獨特,日落時醒來，於低垂的夜幕中飛行。也有所謂　「黑暗鴉出巢，快點回家吧」　的俗語。
199,呆呆王,神秘,獨特,腦海中不停湧現各種足以改變世界的點子，但牠馬上就會忘了那些點子。
200,夢妖,神秘,獨特,千方百計地驚嚇人類，吸取生命的能量。嚇人的練習從來不曾間斷。
201,未知圖騰,神秘,獨特,奇形怪狀不似生物，且個體之間形狀各異，吾人指出其身姿與異國文字的共通性，但未獲重視。
202,果然翁,神秘,獨特,為了隱藏漆黑的尾巴而悄悄地生活在黑暗之中。不會主動發動攻擊。
203,麒麟奇,神秘,獨特,尾巴上的腦袋裡也有小小的大腦。會對氣味和聲音產生反應發動攻擊，因此從後面靠近的話會被突然咬住。
204,榛果球,獨特,神秘,會用唾液把樹皮貼在自己身上，讓自己變得更厚更大。上了年紀的榛果球是無比巨大的。
205,佛烈托斯,獨特,神秘,只有在吞下獵物的瞬間，殼裡的身體才會出現。至今還沒有人見過牠的真面目。
206,土龍弟弟,獨特,神秘,因為牠擁有小小的翅膀，有些學者主張很久以前牠曾是在天上飛的。
207,天蠍,危險,謹慎,尾部尖端長有恐怖的巨針。會撲上獵物的臉，遮蔽其視線，再以尾針注入毒素取其性命。
208,大鋼蛇,獨特,神秘,人們認為牠的身體是因為堆積了和泥土一起吞下的鐵質，才會發生變化的。
209,布魯,獨特,神秘,臉看起來很嚴厲，但其實相當膽小。那拼命作出威嚇的表情很受女性歡迎。
210,布魯皇,神秘,獨特,發達的下顎和沉重的牙齒是牠的武器。只要不惹牠生氣，就不太會咬人哦。
211,千針魚,冷靜,保守,對手的體型越是巨大，牠就會喝下越多的水使身體膨脹，彷彿馬上就要破裂一般。
212,巨鉗螳螂,神秘,獨特,為了防止戰鬥時變得過熱，而令金屬的身體熔化，會使用翅膀調節體溫。
213,壺壺,神秘,獨特,甲殼裡儲存著樹果。為了避免受到襲擊，會一動不動地躲在岩石下面。
214,赫拉克羅斯,神秘,獨特,以擁有粗壯的角為傲。在阿羅拉，鍬農炮蟲是牠最大的競爭者，雙方經常大打出手。
215,狃拉,獨特,神秘,性格狡猾且兇猛。會趁著雙親不在時侵入巢穴把蛋盜走。
216,熊寶寶,冷靜,保守,不停舔著滲入了蜜糖的手掌。熊寶寶的蜜糖是由水果和大針蜂採集的花粉混合後製成的。
217,圈圈熊,獨特,神秘,在洗翠大地被嚴寒籠罩的季節裡，徘徊於山野之中尋找愛吃的樹果。空腹帶來的焦躁使牠變得極為凶暴。
218,熔岩蟲,獨特,神秘,雖然體內有灼熱的熔岩不斷捲動，但變冷後就會凝固崩裂，身體也會因此變小。
219,熔岩蝸牛,神秘,獨特,殼是由皮膚冷卻後凝固而成的。只要碰一下就會崩裂成碎片。進入熔岩中就會恢復到原來的大小。
220,小山豬,獨特,神秘,一聞到誘人的香味時，就會不顧一切地朝香味傳來的方向飛奔而去。
221,長毛豬,獨特,神秘,雖然４隻腳很短，但因為蹄很寬而且粗糙，所以就算在雪地上行走也不會打滑。
222,太陽珊瑚,獨特,神秘,生活在阿羅拉的太陽珊瑚身上的粉紅色非常鮮豔濃郁，這都是拜富含營養的大海所賜。
223,鐵炮魚,冷靜,保守,從嘴裡噴出的水連１００公尺外的活動獵物都能命中。
224,章魚桶,神秘,獨特,有著愛鑽洞的習性。會搶奪其他寶可夢築的巢穴，在裡面睡覺。
225,信使鳥,獨特,神秘,因為有跟人類及寶可夢分享自己食物的習性，所以一直都在到處尋找食物。
226,巨翅飛魚,神秘,獨特,游動時速度上來後，甚至會從波浪上飛起來，然後就這樣滑翔１００公尺。
227,盔甲鳥,神秘,獨特,鐵的身體十分結實，但很容易生銹，所以下雨天會一直留在巢穴哦。
228,戴魯比,獨特,神秘,擅長與夥伴合作。只要與訓練家成為搭檔，就會徹底服從訓練家的命令。
229,黑魯加,熱情,衝動,會噴出帶有毒素的火焰給予對手致命的一擊。會與群體的成員平分獵物。
230,刺龍王,獨特,神秘,暴風雨來襲時會在海面上現身。如果撞見了快龍，就會展開激烈的爭鬥。
231,小小象,神秘,獨特,在河邊挖掘豎坑生活。會在住處附近蓋上鼻子標記，以此來告訴夥伴這裡是自己的地盤。
232,頓甲,獨特,神秘,最擅長的攻擊是將身體捲成一團，在高速滾動的同時猛撞向對手。一旦開始滾動就很難停下來。
233,多邊獸Ⅱ,獨特,神秘,將行星的開發納入視野，以當時的最新技術升級了多邊獸。
234,驚角鹿,神秘,獨特,形狀怪異的犄角蘊含迷惑他人之力。從角上脫落的黑珠在磨碎後可以入藥，用以治療失眠。
235,圖圖犬,神秘,獨特,從尾巴尖端滲出的體液會隨著圖圖犬的情緒變化而出現不同的顏色。
236,無畏小子,神秘,獨特,無論何時都充滿活力。為了變強，就算輸了一次又一次，也會不斷重新站起來迎戰對手。
237,戰舞郎,獨特,神秘,會透過倒立來擾亂對方的節奏，然後趁隙施展華麗的踢擊。
238,迷唇娃,冷靜,保守,只要稍微弄髒了臉，就會馬上去用水沖乾淨。但對於身體的髒污似乎就不太在意。
239,電擊怪,獨特,神秘,聽到打雷的聲音就會很高興。如果能先把打雷的聲音錄下來，當牠心情低落的時候會很好用。
240,鴨嘴寶寶,熱情,衝動,當火焰像打開水龍頭似地不停從鼻子冒出來時，就代表牠感冒了。這時就讓牠待在熔岩裡休息吧。
241,大奶罐,獨特,神秘,牠的牛奶營養豐富且熱量很高。如果飲用過量的話就會變成大奶罐般的體型。
242,幸福蛋,神秘,獨特,只要吃了據說飽含著幸福的幸福蛋的蛋，無論多麼殘暴的寶可夢都會變得溫馴。
243,雷公,獨特,神秘,體內蘊藏著雷電般速度的寶可夢。牠的長嚎就像天雷落地一般，能震動空氣，搖撼大地。
244,炎帝,熱情,衝動,體內蘊藏著熔岩般熱情的寶可夢。被認為是從火山的爆發中誕生，能噴出燃盡一切的火焰。
245,水君,冷靜,保守,體內蘊藏著泉水般溫柔的寶可夢。會用滑行般的動作在大地上奔跑，有著淨化濁水的力量。
246,幼基拉斯,神秘,獨特,靠著土中的營養長大。當吃下大約一座山那麼多的土壤之後，牠就會變成蛹。
247,沙基拉斯,獨特,神秘,等不及進化，就會用壓縮氣體四處亂飛大鬧來抒解壓力，是種令人頭痛的寶可夢。
248,班基拉斯,獨特,神秘,擁有無論遭受任何攻擊都能毫髮無傷的身體，因此會不斷向對手挑戰。
249,洛奇亞,獨特,神秘,有著只要輕輕揮動翅膀就能吹走房屋的破壞力，因此躲在不為人知的海底生活。
250,鳳王,獨特,神秘,據說在不同角度的光線照射下，會閃耀七彩光芒的羽毛能帶來幸福。據說牠住在彩虹的腳下。
251,時拉比,獨特,神秘,從未來穿越時光而來。能夠治癒傷痛，也會把自己的力量分給草木。
252,木守宮,神秘,獨特,能夠用腳底的小刺鉤住垂直的牆壁攀爬。會甩動粗粗的尾巴擊打對手。
253,森林蜥蜴,獨特,神秘,靠著身上長出的葉子，可以方便地在森林裡隱藏身形躲避敵人。是生活在密林裡的爬樹高手。
254,蜥蜴王,神秘,獨特,據說背上的種子裡儲存著許多能讓樹木生機盎然的營養。是會小心培育林中樹木的寶可夢。
255,火稚雞,神秘,獨特,會緊貼著訓練家搖搖晃晃地走路。能從嘴裡噴出攝氏１０００度的灼熱火球把對手燒焦。
256,力壯雞,神秘,獨特,會在山野間跑來跑去鍛鍊腳力。能用兼具速度和力量的腿在１秒內連踢１０次。
257,火焰雞,熱情,衝動,有著強韌的下盤，連３０層大樓都能輕鬆躍過。會用火焰拳把對手燒焦。
258,水躍魚,冷靜,保守,在水中會用臉頰上的腮呼吸。如果遇到危險，就會發揮出能擊碎比自己身體還大的岩石的力量。
259,沼躍魚,神秘,獨特,為了讓自己可以在地面上生活，牠的身體表面包覆著一層薄薄的黏膜。會在退潮後的海岸邊玩泥巴。
260,巨沼怪,冷靜,保守,這種寶可夢有著能輕鬆拖動１噸以上岩石的力量。視力好到在混濁的水中也能看清。
261,土狼犬,神秘,獨特,什麼都吃的雜食性寶可夢。跟體型相比顯得特別大的牙齒是牠的特徵。會將尾巴上的毛豎起來威嚇敵人。
262,大狼犬,神秘,獨特,當牠發出兇猛的吼聲並壓低身體時，就是牠準備發動攻擊的前兆。會用鋒利的尖牙一口咬住對手。
263,蛇紋熊,神秘,獨特,會用背上的硬毛摩擦樹木，留下代表自己地盤的標記。性情比伽勒爾的蛇紋熊溫馴。
264,直衝熊,神秘,獨特,用自己超群的爆發力和銳利的爪子來制服獵物。不擅長在彎曲的道路上奔跑。
265,刺尾蟲,危險,謹慎,會把尾部的刺對準想捉自己當食物的大王燕進行抵抗。能用滲出的毒來削弱對方。
266,甲殼繭,獨特,神秘,為了不讓自己掉落，將絲線纏在樹枝上支撐身體並等待著進化。會從小洞觀察外面的狀況。
267,狩獵鳳蝶,神秘,獨特,圓圓捲起的長長嘴巴像針一樣，在採集花粉時非常方便。會乘著春風四處採集花粉。
268,盾甲繭,獨特,神秘,盾甲繭的身體是由口中吐出的細絲包裹身體後硬化形成的。牠會在繭裡準備進化。
269,毒粉蛾,危險,謹慎,有著被燈光吸引的習性。被路燈引誘的毒粉蛾群會把行道樹上的葉子吃得一塌糊塗。
270,蓮葉童子,冷靜,保守,因為葉子長得太大太重，所以才會改變習性，漂浮在水面上生活。
271,蓮帽小童,冷靜,保守,住在日照充足的水邊。白天在水草做的床上睡覺，太陽下山後就會出來活動。
272,樂天河童,獨特,神秘,樂天河童會跟著歡快的音樂搖擺身體，藉而增強自己的力量。
273,橡實果,神秘,獨特,會將頭頂黏在樹枝上懸掛著。也有被大風吹落的時候。
274,長鼻葉,獨特,神秘,棲息在森林深處。會用頭上的葉子做成笛子，吹出令人感到不安的音色。
275,狡猾天狗,獨特,神秘,在森林深處靜靜地生活。據說當牠搧動大大的團扇，就會刮起冬日寒風。
276,傲骨燕,獨特,神秘,由於才剛剛離巢，所以到了晚上有時會因為太寂寞而哭出來。以捕捉住在森林裡的刺尾蟲為食。
277,大王燕,神秘,獨特,會盤旋在遙遠的高空，發現獵物後就會俯衝而下，用腳爪緊緊抓住獵物令其無法逃脫。
278,長翅鷗,神秘,獨特,空心的骨頭是為了保持輕盈。用大大的翅膀迎著風，飛向浩瀚的天空。
279,大嘴鷗,神秘,獨特,會把小型寶可夢裝進牠那脹鼓鼓的鳥嘴中運送，但沒人知道會被牠帶到哪裡去。
280,拉魯拉絲,神秘,獨特,用紅色的角感知到人和寶可夢的溫情後，全身也會變得有點暖暖的。
281,奇魯莉安,獨特,神秘,能夠操縱精神力量來扭曲周圍的空間，讓自己看見未來。
282,沙奈朵,獨特,神秘,有著預知未來的能力。在保護訓練家的時候，會發揮出最強的力量。
283,溜溜糖球,冷靜,保守,在水面像滑行一樣移動。偶爾會為了爭奪食物而和滴蛛打架。
284,雨翅蛾,神秘,獨特,翅膀和觸角很怕濕氣。雨後會朝著太陽的方向曬乾身體。
285,蘑蘑菇,獨特,神秘,棲息在森林深處潮濕的地面上。經常一動不動地待在落葉下面。以落葉堆積起來後形成的腐葉土為食。
286,斗笠菇,神秘,獨特,會用輕巧的步法接近敵人，然後用能伸縮的手臂出拳。有著能令拳擊手汗顏的技術。
287,懶人獺,獨特,神秘,心臟每分鐘只跳動１次。因為是只會一直趴著不動的寶可夢，所以幾乎沒有機會看到牠動的樣子。
288,過動猿,神秘,獨特,一直在蠢蠢欲動，想要大鬧一番。甚至連１分鐘都坐不住。如果不動就會累積壓力。
289,請假王,神秘,獨特,刻在草原上半徑１公尺的圓圈，是請假王躺在地上吃光了身邊的草之後形成的。
290,土居忍士,神秘,獨特,因為長時間生活在地底下，所以眼睛幾乎什麼都看不到。會靠觸角來探察周圍的狀況。
291,鐵面忍者,獨特,神秘,一直聽牠的叫聲會讓人頭痛不止。會以肉眼無法看清的速度移動。
292,脫殼忍者,獨特,神秘,不拍動翅膀也能四處飛行。身體裡面空空的，是一種不呼吸的奇妙寶可夢。
293,咕妞妞,神秘,獨特,叫聲的音量會超過１００分貝。要是被牠在近距離大叫，就會一整天都會頭痛不止。
294,吼爆彈,獨特,神秘,耳朵具有擴音器的功能。會從耳朵發射出威力足以震飛一棟房子的音波。
295,爆音怪,神秘,獨特,以前的人曾利用爆音怪的大吼聲，作為與遙遠城鎮彼此聯絡的方法。
296,幕下力士,神秘,獨特,最早是從其他地區被帶到這裡來的，但現在阿羅拉的幕下力士比較有名。
297,鐵掌力士,獨特,神秘,雖然喜歡和對手比力氣，但心地善良且注重禮儀，會慰勞與自己對戰的對手。
298,露力麗,獨特,神秘,尾巴的球狀部分能像皮球那樣彈跳，裡面滿滿都是牠在成長時所需的營養。
299,朝北鼻,神秘,獨特,朝北鼻鼻子上的磁鐵絕對不會失靈，所以是訓練家旅行時的良伴。
300,向尾喵,神秘,獨特,會追著自己尾巴到處跑的寶可夢。野生的向尾喵生活在森林中的樹洞裡。有著可愛臉蛋的牠是很受歡迎的寵物。
301,優雅貓,獨特,神秘,過著居無定所生活的寶可夢。即使有其他寶可夢接近自己睡覺的地方也絕不會去爭鬥，而會換個地方睡覺。
302,勾魂眼,神秘,獨特,會用堅硬的爪子挖土，並用粗壯的獠牙啃食寶石。最喜歡吃小碎鑽。
303,大嘴娃,神秘,獨特,聰明又狡猾，可怕的寶可夢。會用可愛的動作使對手掉以輕心，然後出其不意地用大顎一口吞下。
304,可可多拉,神秘,獨特,進化時身上的鋼鐵盔甲會脫落。以前的人會把它撿起來用在生活上。
305,可多拉,獨特,神秘,會互相碰撞身體來爭奪地盤。仔細看牠的鋼鐵盔甲，就會發現有傷痕及凹痕。
306,波士可多拉,獨特,神秘,古時候有位國王將自己的頭盔製作成波士可多拉頭部的樣子，期盼為自己帶來像牠的強大力量。
307,瑪沙那,神秘,獨特,在深山裡進行著瑜伽修行。總是會在冥想的途中分心，所以修行一直無法結束。
308,恰雷姆,獨特,神秘,據說會透過冥想讓體內的能量提升，並讓第六感變得更加敏銳。會和山野融為一體來消除自己的氣息。
309,落雷獸,神秘,獨特,會讓長長的體毛互相摩擦，藉此在全身儲存靜電。是種以速度為傲的寶可夢。
310,雷電獸,神秘,獨特,在不自然的雷雲之下有著雷電獸的身影。據說牠奔馳的速度和雷電一樣快。
311,正電拍拍,神秘,獨特,總是在為夥伴加油的寶可夢。當夥伴努力加油的時候，牠會讓身體短路，發出劈哩啪啦的火花聲來表達自己的喜悅。
312,負電拍拍,獨特,神秘,比起自己來，為夥伴加油更重要。會讓體內發出的電流短路，一邊發出華麗的火花一邊為夥伴加油。
313,電螢蟲,獨特,神秘,太陽下山後就會讓尾巴發光，透過亮度或閃爍來和夥伴對話。會被甜甜螢的甜甜香氣吸引。
314,甜甜螢,獨特,神秘,會誘導電螢蟲描繪記號。據說記號描繪得越複雜的甜甜螢，就越會受到夥伴的尊敬。
315,毒薔薇,危險,謹慎,會用右手和左手分別施放２種不同的毒來進行攻擊。香氣越濃越有活力。
316,溶食獸,獨特,神秘,因為整個身體幾乎都是胃，所以能吞下和自己一樣大的東西。能用特殊的胃液消化任何東西。
317,吞食獸,危險,謹慎,發現獵物時會把毛孔中噴出的劇毒體液灑向對手。等獵物變得虛弱時再張開大嘴一口吞掉。
318,利牙魚,神秘,獨特,個性膽小，只有１隻的話連狩獵也不敢去，但如果聚集了５隻左右就會一下子變得兇暴。
319,巨牙鯊,神秘,獨特,在過去，牠的背鰭被當作貴重的食材，因此有著被濫捕的悲慘歷史。
320,吼吼鯨,冷靜,保守,很喜歡嚇人。會喝海水把肚子撐得跟球一樣來玩彈跳遊戲。
321,吼鯨王,神秘,獨特,因為會吃掉太多的魚寶可夢，一旦牠們的數量增加得太多，就會遭到漁夫們的驅趕。
322,呆火駝,冷靜,保守,體內儲存著１２００度的熔岩。一旦被水淋濕，熔岩就會凝固變重，動作也會因此變得遲緩。
323,噴火駝,獨特,神秘,體內有著火山的寶可夢。會不時會從背上的駝峰裡噴出體內儲存的攝氏１萬度的熔岩。
324,煤炭龜,獨特,神秘,煤炭是牠的能量來源。在煤炭龜棲息著的山裡，沉睡著大量的煤炭。
325,跳跳豬,獨特,神秘,戴在頭上的珍珠有提高跳跳豬精神力量的功效。一直在尋找大珍珠。
326,噗噗豬,獨特,神秘,利用黑珍珠使出奇異力量的時候，會跳起奇妙的舞步。黑珍珠有著藝術品的價值。
327,晃晃斑,獨特,神秘,雖然走路總是搖搖晃晃歪七扭八的，但晃晃斑自己是打算要筆直走路的哦。
328,大顎蟻,神秘,獨特,重量十足的下顎足以粉碎岩石，一旦身子翻過去就爬不起來，黑眼鱷會趁這個空檔襲擊牠。
329,超音波幼蟲,神秘,獨特,２片翅膀高速振動產生的超音波會引起劇烈的頭痛。
330,沙漠蜻蜓,神秘,獨特,揮動翅膀的振翅聲簡直有如歌聲。凡是被這聲音迷惑的，最終會被捲入沙暴成為沙漠蜻蜓的食物。
331,刺球仙人掌,神秘,獨特,棲息在乾燥少雨的地方。黃色的花朵每年綻放１次。
332,夢歌仙人掌,神秘,獨特,棲息在沙漠。一到晚上就會開始活動，去捕捉因受不了沙漠的炎熱而精疲力盡的獵物。
333,青綿鳥,神秘,獨特,看起來就像是團綿雲，因此不易被敵人發現。據說牠的翅膀是在一代代的演變下成為白色的。
334,七夕青鳥,獨特,神秘,會一邊在天空中悠然飛翔，一邊哼唱出令人心醉神迷的美妙旋律。
335,貓鼬斬,獨特,神秘,和飯匙蛇是死對頭。一旦撞見彼此，就會立刻張開前腳的爪子來威嚇對方。
336,飯匙蛇,神秘,獨特,總是用岩石打磨尾巴上的刀刃，所以刀刃非常鋒利。和貓鼬斬是死對頭。
337,月石,神秘,獨特,在４０年前隕石墜落的地點第一次被發現。瞪一眼就能使敵人沉睡。
338,太陽岩,神秘,獨特,當牠旋轉自己的身體時，會發出太陽般的光芒，讓敵人的眼睛暫時失明。
339,泥泥鰍,神秘,獨特,全身黏黏滑滑的，就算被鳥寶可夢啄到，也可以馬上滑開溜走。
340,鯰魚王,獨特,神秘,只要是會動的東西，無論什麼都會咬住不放大吃特吃。平常會靜靜埋伏在沼澤底部動也不動地等待著獵物。
341,龍蝦小兵,獨特,神秘,培育到一半就被訓練家放生的個體越來越多，如今在阿羅拉也能經常見到。
342,鐵螯龍蝦,神秘,獨特,性情粗暴愛打架，然而一旦鉗子掉落就會馬上變得軟弱，在重新長出之前都會提心吊膽。
343,天秤偶,獨特,神秘,用單腳一邊旋轉一邊移動。有時候也能看到顛倒過來旋轉的天秤偶。
344,念力土偶,獨特,神秘,似乎是由２萬年前的古代人製作的泥偶蛻變而來的謎之寶可夢。
345,觸手百合,獨特,神秘,曾經生活在古代的溫暖海洋中。會偽裝成海草，埋伏著等待獵物，在獵物靠近時一口吞下。
346,搖籃百合,獨特,神秘,雖然腳短且走得慢，但脖子和觸手能伸長３倍去捕捉在遠處的獵物。
347,太古羽蟲,獨特,神秘,從化石復原而來的寶可夢。曾經生活在大約１億年前的大海，用２隻爪子捕捉獵物。
348,太古盔甲,獨特,神秘,從海裡搬到了陸地上生活。根據了解，牠是一部份蟲寶可夢的祖先。
349,醜醜魚,神秘,獨特,因為破破爛爛的，誰也不會去捉牠。因為看起來很難吃，所以不會被當成獵物。於是數量就變得越來越多了。
350,美納斯,神秘,獨特,也被稱為最美的寶可夢，一直以來帶給了藝術家無數靈感。
351,飄浮泡泡,神秘,獨特,細胞會靈敏地反應氣溫和濕度，導致樣子不由自主地變化。
352,變隱龍,神秘,獨特,就算是在不需要隱身的時候，體色也會隨心情和身體狀態而改變。顏色越濃代表牠越有活力。
353,怨影娃娃,神秘,獨特,因為會吞食怨恨、嫉妒之類的情感，對某些人來說是很可貴的寶可夢。
354,詛咒娃娃,獨特,神秘,怨念附在被丟棄的玩偶上，不斷尋找著丟棄自己的人，想要為自己報仇。
355,夜巡靈,獨特,神秘,會讓身體變透明，然後偷偷地靠近獵物。擁有穿過厚牆壁的能力。
356,彷徨夜靈,獨特,神秘,身體內部是空的。只要一張開嘴就會像黑洞一樣吸入所有東西。
357,熱帶龍,神秘,獨特,棲息在阿羅拉的熱帶龍脖子上的果實比其他地區的更甜，簡直美味到了極點。
358,風鈴鈴,獨特,神秘,發出的空氣波動威力大到足以擊倒身高超過自己的獵物。據推測這是牠將微弱的風聲在體內增幅後的結果。
359,阿勃梭魯,神秘,獨特,牠只有外表看起來不吉祥。其實牠會幫忙守護田地，還會在災害發生時發出警告，是種對人們很有助益的寶可夢。
360,小果然,獨特,神秘,具有集體行動的習性。睡覺的時候會在洞窟中和夥伴們把身體挨在一起。
361,雪童子,獨特,神秘,只能在寒冷的土地上生存。即使在零下１００度的環境下也能充滿活力地到處蹦蹦跳跳哦。
362,冰鬼護,獨特,神秘,會把獵物凍住後整個拿來啃，但最愛吃的還是迷你冰之類原本就已經結凍的寶可夢。
363,海豹球,神秘,獨特,會漂浮在波浪間探查周圍的狀況。一旦發現獵物，就會通知群體的帝牙海獅。
364,海魔獅,神秘,獨特,在浮冰上生活。能夠一邊游泳一邊嗅出獵物的氣味，把對方找出來獵捕。
365,帝牙海獅,神秘,獨特,會由２、３０隻群居生活。受到敵人攻擊時，首領會奮不顧身地保護群體。
366,珍珠貝,獨特,神秘,別看牠長這樣，牠可是肉食性的。會用２片外殼牢牢夾住獵物，直到獵物完全不動了才會放開。
367,獵斑魚,獨特,神秘,棲息在深海中。傳說如果有獵斑魚被沖上沙灘，就會有不好的事發生。
368,櫻花魚,冷靜,保守,體色會隨著水溫而變化，阿羅拉的櫻花魚呈現著耀眼奪目的鮮豔色彩。
369,古空棘魚,神秘,獨特,曾被認為已經絕種。古空棘魚名字的由來是取自發現者的名字。
370,愛心魚,神秘,獨特,變成只有獨自１隻的愛心魚會變得無精打采而破綻處處。於是就被大嘴鷗趁機叼走了。
371,寶貝龍,獨特,神秘,每當見到飛在天空上的鳥寶可夢，牠就會羨慕到用頭錘把周圍的東西砸得粉碎。
372,甲殼龍,神秘,獨特,一動不動地潛伏在洞穴深處，不吃也不喝。不知為何不會死掉。
373,暴飛龍,獨特,神秘,一生氣就會忘記自我，把周圍都破壞掉。破壞會持續不斷，直到暴飛龍精疲力盡。
374,鐵啞鈴,獨特,神秘,細胞全部是磁鐵。會使用磁力和夥伴之間進行交流。
375,金屬怪,獨特,神秘,會從２個大腦發射出強大的精神能量，藉此封鎖獵物的行動。
376,巨金怪,獨特,神秘,２隻金屬怪連結起來。透過４個腦袋的同步處理，只要一瞬間就可完成任何的計算。
377,雷吉洛克,獨特,神秘,全身所有部分都是由岩石構成。即使身體有磨損，也能自己補上岩石修復。
378,雷吉艾斯,獨特,神秘,能操控降至零下２００度的寒氣，將靠近牠的東西都在一瞬間就冰封起來。
379,雷吉斯奇魯,獨特,神秘,據說牠誕生於地底的地幔中，並且在大約１萬年前出現在地表。
380,拉帝亞斯,神秘,獨特,能敏銳地感知人心。一旦察覺到敵意就會豎起全身羽毛，用激烈的叫聲威嚇對方。
381,拉帝歐斯,神秘,獨特,只對心地善良的人友善。折起前肢能減少空氣阻力，在空中能飛得比噴射機還快。
382,蓋歐卡,獨特,神秘,利用自然能量進行原始回歸，回到了原本的樣子。擁有呼風喚雨擴張海洋的力量。
383,固拉多,神秘,獨特,被認為是大地化身的寶可夢。傳說中牠為了尋求自然的能量，曾不斷與蓋歐卡爭鬥。
384,烈空坐,神秘,獨特,據說已經生存了數億年。世上留存著牠調解了固拉多與蓋歐卡之間爭鬥的傳說。
385,基拉祈,神秘,獨特,每１０００年讓牠聽一次清澈的歌聲，就能讓牠維持７天的清醒。
386,代歐奇希斯,冷靜,保守,誕生自宇宙病毒的寶可夢。擁有很高的智慧，會操控超能力。從胸部的水晶體發射出雷射光。
387,草苗龜,獨特,神秘,陽光越是照耀，活力越是充沛。形似甲殼的部分質地近似泥沙，觸感濕潤且帶有微溫。
388,樹林龜,冷靜,保守,生活在森林中的水邊。白天會去森林的外面，讓甲殼上的樹木曬曬太陽。
389,土台龜,冷靜,保守,擁有形如雋麗林園般的巨軀，且是力大無窮的強者。為尋求淨水而巡遍山野。
390,小火焰猴,獨特,神秘,活力十足，時時刻刻都充滿鬥志。自古被人們稱為「臀點燈」，當成鬼怪的一種恐懼著。
391,猛火猴,熱情,衝動,能熟練地控制尾部火焰的火勢，以自己擅長的距離進行戰鬥。
392,烈焰猴,熱情,衝動,性格像頭上燃燒的火焰般激烈。在速度方面沒有任何寶可夢可以匹敵。
393,波加曼,獨特,神秘,喜愛寒冷，會出現在海邊。外表如孩童般可愛，但心高氣傲，不願接受來自人類的施捨。
394,波皇子,獨特,神秘,從不結交夥伴，獨自生活。用翅膀發出的強烈一擊能把大樹劈成兩半。
395,帝王拿波,獨特,神秘,被洗翠的居民稱為波濤之主，自古便受到崇拜的寶可夢。其雙翼足以匹敵名匠打造的利器。
396,姆克兒,獨特,神秘,為了獵捕蟲寶可夢，以龐大的群體在山野間飛來飛去。叫聲非常吵鬧。
397,姆克鳥,神秘,獨特,心知肚明自己的弱小，所以平時都是群體生活。單獨行動時會發出吵鬧的叫聲。
398,姆克鷹,獨特,神秘,獲得了離開群體獨力生存的能力。就連壯漢也能一把攫起帶走的飛行能力是一大威脅。
399,大牙狸,獨特,神秘,遇到任何事都不慌不忙，神經很大條的傢伙。能做出與外表不相稱的靈敏動作。
400,大尾狸,冷靜,保守,用樹幹和泥巴築起水壩，堵住河流建造住所。以勤勞而聞名。
401,圓法師,獨特,神秘,每當腳短短的牠快要跌倒時，堅硬的觸角就會互相摩擦，發出如木琴般的聲響。
402,音箱蟀,獨特,神秘,透過讓聲音在身體裡的空洞迴響，自己的叫聲就可以變得清脆悅耳。
403,小貓怪,神秘,獨特,能利用肌肉的伸縮來產生電流。當牠全身都在抖動時，就代表牠正在激烈地發電。
404,勒克貓,神秘,獨特,遇見敵人時會從腳伸出有百萬伏特威力的爪子，為對戰做好準備。
405,倫琴貓,神秘,獨特,擁有透視能力的寶可夢。能夠在眨眼間就發現躲在厚厚牆壁另一側的獵物。
406,含羞苞,冷靜,保守,會散佈帶有毒素的花粉。培育時所用的水越乾淨，所含有的毒性就越高。
407,羅絲雷朵,神秘,獨特,會用馥郁芬芳的花香迷惑敵人，並用荊棘上的鞭子猛力抽打對方。
408,頭蓋龍,神秘,獨特,太古時代的寶可夢。擁有堅硬而結實的頭蓋骨，但是頭腦相當不靈光。
409,戰槌龍,獨特,神秘,反復使出頭錘的頭蓋骨變得又硬又厚。但腦容量比起頭蓋龍有所縮減。
410,盾甲龍,獨特,神秘,多虧那張結實的臉，牠的敵人應該不多。棲息在太古時代的叢林裡。
411,護城龍,神秘,獨特,如果是從正面的話，可以防住所有的攻擊，但從後方遇襲的話就束手無策了。
412,結草兒,獨特,神秘,蓑衣只要稍有缺損，就會立即用身邊的材料加以修補。蓑衣內的身體十分細瘦且畏懼寒冷。
413,結草貴婦,獨特,神秘,草木製成的蓑衣與本體融合，如同體毛或皮膚般成為了身體的一部分。據考察這乃是進化能量帶來的作用。
414,紳士蛾,獨特,神秘,夜裡會活躍地飛來飛去，從睡著的三蜜蜂的巢穴裡搶奪蜂蜜後逃走。
415,三蜜蜂,獨特,神秘,３隻一直都在一起，但每一隻對花蜜的喜好卻略有不同。
416,蜂女王,神秘,獨特,能釋放越多費洛蒙的蜂女王，就能讓越多的三蜜蜂聽從自己的指揮。
417,帕奇利茲,神秘,獨特,有時候可以見到為了將儲存的電力分給同伴而互相摩擦頰囊的帕奇利茲。
418,泳圈鼬,冷靜,保守,會轉動分岔的尾巴形成推進力，藉此在水中自在移動。偶然的是，此構造與蒸汽船的螺旋槳十分相似。
419,浮潛鼬,冷靜,保守,膨脹起浮囊後就能讓人坐在自己背上。排出浮囊的氣來潛水。
420,櫻花寶,神秘,獨特,身體越紅的櫻花寶含有的營養越豐富，味道也很甜很好吃。
421,櫻花兒,神秘,獨特,花苞形態時性情穩重，幾乎不會動，只是靜靜地等待太陽光的出現。
422,無殼海兔,獨特,神秘,岩岸是牠主要的居所。根據棲息地的環境和所吃食物的質地，顏色和樣子會有所不同。
423,海兔獸,神秘,獨特,再生能力很高。即使被魚寶可夢咬斷也會在幾小時內恢復原狀哦。
424,雙尾怪手,神秘,獨特,為了搶佔舒適好住的樹木，不斷與投擲猴群爭奪地盤，但結果是雙方勢均力敵。
425,飄飄球,獨特,神秘,圓滾滾的身體裡塞滿了靈魂，每當牠把誰給帶走時，身體就會更加膨脹。
426,隨風球,獨特,神秘,曾經發生過乘著隨風球出發旅行的男人就這樣失蹤的事件。
427,捲捲耳,神秘,獨特,手腳的力量很弱，但如果使勁伸長緊緊捲起的耳朵，就連大岩石也能粉碎。
428,長耳兔,神秘,獨特,每年會換２次毛。用這種毛製成的圍巾和帽子非常保暖。
429,夢妖魔,神秘,獨特,因為也會施加實現戀愛願望的咒語，所以也有不惜性命尋找夢妖魔的人。
430,烏鴉頭頭,神秘,獨特,絕不會容忍失敗或背叛的手下。這是為了維持群體的秩序，而不得不用的手段。
431,魅力喵,神秘,獨特,一不高興就會豎起爪子。但有時也會從喉嚨發出聲響來撒嬌。這樣的性格很受部分人的喜愛。
432,東施喵,獨特,神秘,即使是其他寶可夢的住所，如果感覺很舒服的話，就會當成自己的住所賴著不走。
433,鈴鐺響,神秘,獨特,每次跳躍都會發出鈴鈴聲。用高頻率的叫聲讓對手失去聽力。
434,臭鼬噗,獨特,神秘,要是牠翹起尾巴把屁股對準了你，請一定要小心。因為這表示牠將要噴出足以讓人窒息的臭液。
435,坦克臭鼬,神秘,獨特,從尾巴尖端噴出的液體帶有強烈的惡臭。會在地面上挖洞建造巢穴。
436,銅鏡怪,獨特,神秘,會在古老的遺跡出現。身上的紋路不屬於伽勒爾文化，因此至今仍然謎團重重。
437,青銅鐘,神秘,獨特,牠身上的紋路讓許多學者認為牠原本並不存在於伽勒爾。
438,盆才怪,冷靜,保守,會從眼睛排出水分。因為看起來就像是在哭，似乎也有讓敵人疏忽大意的效果。
439,魔尼尼,神秘,獨特,會拼命模仿對方的動作和表情，但還算不上模仿得很好。
440,小福蛋,神秘,獨特,性情溫馴的寶可夢，但如果肚子上的圓形石頭被搶走，就會哭著大吵大鬧。
441,聒噪鳥,獨特,神秘,會發出與對手相同的叫聲，讓對方相信自己是同伴，藉此避免遭到襲擊。
442,花岩怪,神秘,獨特,１０８個靈魂聚集在一起成為了寶可夢，但其中似乎混進了壞心眼的靈魂。
443,圓陸鯊,神秘,獨特,潛伏在地洞內，如果有獵物或敵人經過，就會撲出來咬住。有時會用力過猛而咬壞牙齒。
444,尖牙陸鯊,神秘,獨特,最喜歡閃閃發光的東西。會一直呆在巢穴裡盯著寶石和捕捉到的小碎鑽。
445,烈咬陸鯊,獨特,神秘,頭上長著的２個突起物是作為感應器的用途。就連遠處獵物的狀況也能察覺。
446,小卡比獸,獨特,神秘,一旦找到看起來能吃的東西，就不管三七二十一先撿起來吞了。所以就這麼一天天地變胖起來。
447,利歐路,獨特,神秘,以「波導」這種波的形式觀察人和寶可夢的感情，以及自然的樣子。
448,路卡利歐,神秘,獨特,能察覺到１公里外生物的種類和心情。操縱波導以群體形式狩獵。
449,沙河馬,神秘,獨特,主要在白天活動。因為沙漠的夜晚會降溫，所以會鑽進沙子的深處睡覺。
450,河馬獸,神秘,獨特,生氣的時候非常凶暴。會噴出儲存在體內的沙子來引發沙塵暴。
451,鉗尾蠍,危險,謹慎,用尾巴上帶毒的鉤爪襲擊對手。一旦被夾住，毒素就會擴散開來，導致全身無法動彈。
452,龍王蠍,獨特,神秘,雖然猙獰凶猛到被人們稱為沙之惡魔，但在河馬獸面前卻表現得低調溫順。
453,不良蛙,危險,謹慎,會從自己臉頰上的毒囊發出聲音來威嚇對手，趁對手畏懼的時候使出毒擊。
454,毒骷蛙,獨特,神秘,制服了獵物之後，便會呱呱地發出勝利的歡呼。與蟾蜍王是相近的物種。
455,尖牙籠,獨特,神秘,以散發甜甜香氣的唾液吸引獵物，再用大顎一口咬住。會花上一整天吃掉獵物。
456,螢光魚,獨特,神秘,用２枚尾鰭活力充沛地跳躍。跳出海面的那一刻，會被長翅鷗叼走。
457,霓虹魚,獨特,神秘,利用光來引誘獵物靠近，但往往連天敵的兇猛魚寶可夢也引了過來。
458,小球飛魚,神秘,獨特,很親近人類，會主動靠近人類的船隻。背上的花紋依地域而有所不同。
459,雪笠怪,神秘,獨特,雪笠怪肚子上結出來的樹果口感彷如冰棒，是伽勒爾的火紅不倒翁們的最愛。
460,暴雪王,獨特,神秘,會引發暴風雪的寶可夢。只要牠搖動巨大的身體，周圍立刻會變得一片雪白。
461,瑪狃拉,獨特,神秘,４～５隻一組行動。在岩石和樹木上留下記號，以團隊合作捕殺獵物。
462,自爆磁怪,神秘,獨特,從３個組件中放出磁力。經常出現把飛上夜空的自爆磁怪錯看成ＵＦＯ的報告。
463,大舌舔,獨特,神秘,會舉行比賽誰的舌頭伸得最遠的大會。目前的最高紀錄是２５公尺。
464,超甲狂犀,獨特,神秘,會在手掌的洞裡塞進岩石和石丸子發射出去，每隻手裡可以裝填３個。
465,巨蔓藤,獨特,神秘,棲息的地方越溫暖，藤蔓就會長得越快。當藤蔓變得太長時，就會自己扯斷它來調整長度。
466,電擊魔獸,神秘,獨特,興奮的時候會捶胸發出聲響。每次捶胸都會飛濺出電火花，雷聲會在四周回響。
467,鴨嘴炎獸,神秘,獨特,棲息在火山口。據說１座火山只有一對鴨嘴炎獸。
468,波克基斯,神秘,獨特,不會出現在發生爭端和紛亂的地方。近來幾乎見不到牠的身影。
469,遠古巨蜓,神秘,獨特,能以６隻腳攫住成年人並輕鬆地飛行。以尾部的翅膀保持平衡。
470,葉伊布,獨特,神秘,本性並不好鬥，但若是為了保護夥伴，牠會讓尾巴上的葉片變尖，形成刀刃來戰鬥。
471,冰伊布,獨特,神秘,冰凍體毛，讓其像銳利的冰柱那樣變尖之後，向著獵物衝撞。
472,天蠍王,神秘,獨特,用尾巴倒掛在樹枝上觀察獵物。會看準時機從上空偷襲。
473,象牙豬,神秘,獨特,在１萬年前的壁畫上也能見到牠的身影。曾有一段時期，人們認為牠已經滅絕了。
474,多邊獸Ｚ,神秘,獨特,動作明顯地不穩定。這個問題似乎要歸咎於負責升級程式的技術人員。
475,艾路雷朵,獨特,神秘,被稱為武神的寶可夢。只有在為了保護什麼的時候，才會去使用自己的肘刀。
476,大朝北鼻,獨特,神秘,可以本體不動，自由操縱被稱為小朝北鼻的３個組件來捕捉獵物。
477,黑夜魔靈,神秘,獨特,用腹部的嘴將獵物整個吞下。只會吃掉對方的魂魄，離去時會把肉體吐出來。
478,雪妖女,獨特,神秘,會把來爬雪山的登山男凍成冰塊後帶回自己的巢穴，目標就只限於美男子。
479,洛托姆,獨特,神秘,會用等離子構成的身體潛入各式各樣的機器裡。最喜歡惡作劇嚇人。
480,由克希,神秘,獨特,會奪去惡人的記憶，因而受到人們敬畏的寶可夢。吾人曾發現提及此寶可夢司掌知識的紀錄。
481,艾姆利多,神秘,獨特,有著感情之神別名的寶可夢。傳說牠會令對其不敬之人的感情失控，因而受到人們畏懼。
482,亞克諾姆,獨特,神秘,以意志之神的身分受人畏懼的寶可夢。傳說牠能操縱與己敵對者的意志，使其化成傀儡。
483,帝牙盧卡,神秘,獨特,洗翠地區流傳著這樣的神話傳說：當此神誕生，現世的時間便如滔滔大河般開始流動。
484,帕路奇亞,獨特,神秘,擁有扭曲空間的能力。在神奧地區的神話裡被描述為神。
485,席多藍恩,神秘,獨特,棲息在火山的洞穴裡。以十字形的爪子勾住牆壁或洞頂爬行。
486,雷吉奇卡斯,獨特,神秘,世界各地的傳說都有提到牠曾經模仿自己的樣子做出了寶可夢。
487,騎拉帝納,神秘,獨特,棲息在據說位於這個世界的背面，一般常識無法通用的毀壞的世界裡。
488,克雷色利亞,獨特,神秘,飛行時，會從薄紗般的翅膀發出閃亮的粒子。被稱為新月的化身。
489,霏歐納,冷靜,保守,當海水溫度上升時，會讓頭部的浮囊膨脹，集體在海面上漂流。
490,瑪納霏,獨特,神秘,迴游在大洋中，有傳聞說牠在極少數情況下會來到洗翠近海。外型與霏歐納相似，但有許多不同之處，兩者之間關係不明。
491,達克萊伊,神秘,獨特,以往曾有過在無月的夜裡，村子裡所有的人都夢見了惡夢的異事。村人們宣稱惡夢中出現的寶可夢就是此寶可夢。
492,謝米,危險,謹慎,有著能分解大氣中的毒素，並將荒蕪的大地瞬間變成一片花海的力量。
493,阿爾宙斯,神秘,獨特,神奧神話裡描述牠從蛋裡出現，並創造了整個世界。
494,比克提尼,獨特,神秘,如果分享到比克提尼產出的無限能量，全身就會充滿力量。
495,藤藤蛇,神秘,獨特,用尾巴吸收太陽光，進行光合作用。沒精神的時候尾巴會垂下。
496,青藤蛇,神秘,獨特,如果身體弄髒，就沒辦法用葉子進行光合作用。因此總是維持著身體的清潔。
497,君主蛇,獨特,神秘,只要一瞪，就能止住對手的行動。在體內讓太陽能量增幅。
498,暖暖豬,熱情,衝動,可以輕盈地閃避敵人的攻擊，並從鼻子射出火球。會用火焰烤樹果來吃。
499,炒炒豬,熱情,衝動,吃得越多，可供燃燒的東西就越多。胃裡的火焰會因此變強，力量也會源源不絕地湧出。
500,炎武王,熱情,衝動,用下顎的火焰燃燒拳頭，接連使出火焰拳擊。是對夥伴非常關心的寶可夢。
501,水水獺,獨特,神秘,用腹部的扇貝貝戰鬥。擋住攻擊後，能迅速地斬切對手反擊。
502,雙刃丸,獨特,神秘,經過嚴格的修練後，每隻雙刃丸都能習得不同套路的扇貝貝刀法。
503,大劍鬼,獨特,神秘,能在敵人眨眼的瞬間，用前腳的足刃斬切對手後將足刃收回前腳。
504,探探鼠,神秘,獨特,警戒心強烈，雖然一定有１隻負責站崗，但不會注意到來自後方的敵人。
505,步哨鼠,獨特,神秘,射出儲存在頰囊的樹果種子攻擊。發現敵人時，尾巴會豎起。
506,小約克,獨特,神秘,因為不會汪汪汪地叫個不停，所以很受住公寓的訓練家們的歡迎。
507,哈約克,獨特,神秘,黑色的體毛會隨著成長變得越來越堅硬結實，連爪子和牙齒也無法輕易穿透。
508,長毛狗,獨特,神秘,聰明溫厚而勇敢。是深受救援隊隊員們信賴的好夥伴。
509,扒手貓,神秘,獨特,為了要看見人們困擾的樣子而去偷盜他們的物品。和偷兒狐是競爭對手。
510,酷豹,神秘,獨特,和狐大盜爭搶地盤。能夠悄無聲息地從背後偷偷靠近獵物。
511,花椰猴,獨特,神秘,會把頭上的葉子分給沒有精神的寶可夢。葉子有消除疲勞的效果。
512,花椰猿,神秘,獨特,將帶有許多尖刺的尾巴甩向對手進行攻擊。是性情凶暴的寶可夢。
513,爆香猴,獨特,神秘,智商很高，有把樹果烤過再吃的習性。喜歡幫助人類。
514,爆香猿,熱情,衝動,燃燒體內的火焰，從頭部與尾巴撒出火花，燒焦敵人。
515,冷水猴,冷靜,保守,頭上的毛髮叢裡儲藏的水營養非常豐富。牠會用尾巴拿這種水來灌溉草木。
516,冷水猿,冷靜,保守,喜歡水質乾淨的地方。頭上儲存的水如果減少，就會從尾巴吸取水來補給。
517,食夢夢,獨特,神秘,會在深夜出現在枕頭邊。在吃夢的時候，身上的花紋會微微發亮。
518,夢夢蝕,神秘,獨特,在牠冒出黑黑的煙霧時，還是不要接近牠為妙，否則惡夢將會成真。
519,豆豆鴿,獨特,神秘,會出現在人類生活的地方。一旦撒出飼料就會有好幾百隻豆豆鴿聚集而來，千萬要小心。
520,咕咕鴿,神秘,獨特,頭腦聰明且記性很好。似乎有許多快遞員將牠選為自己的搭檔。
521,高傲雉雞,獨特,神秘,擁有高度的飛行能力。雌性擅於持久，雄性擅長速度。
522,斑斑馬,獨特,神秘,當天空雷雲密佈時就會出現。會用鬃毛捕捉雷電，儲存電力。
523,雷電斑馬,神秘,獨特,是有著粗暴性格的寶可夢。如果生氣，就會從鬃毛朝四面八方放電。
524,石丸子,獨特,神秘,六角形的洞是耳朵。耳朵裡面有能量核心，如果把手伸進去就會惹牠生氣。
525,地幔岩,冷靜,保守,在洞窟裡尋找地下水。對水的抵抗力並不好，所以都是一點一點慢慢舔。
526,龐岩怪,獨特,神秘,利用太陽光製造出來的能量彈威力強大。但是晚上和雨天都無法發射。
527,滾滾蝙蝠,神秘,獨特,一邊發出超音波，一邊飛來飛去尋找蟲寶可夢來填飽自己的肚子。
528,心蝙蝠,獨特,神秘,據說有些地區的人覺得牠鼻子的形狀很吉利，而把牠當成幸福的象徵來祭拜。
529,螺釘地鼠,獨特,神秘,會將雙掌上的爪子併攏，並讓身體高速旋轉，瞄準獵物衝過去。
530,龍頭地鼠,獨特,神秘,有許多看似自然形成的洞窟其實都是龍頭地鼠一陣亂鑽之後留下來的。
531,差不多娃娃,神秘,獨特,擁有極為敏銳的聽覺。連２公里外有小石子滾動的聲音牠都能聽見。
532,搬運小匠,獨特,神秘,如果搬運小匠可以搬起自己體重３倍左右的木材，就代表牠進化的日子要到了。
533,鐵骨土人,神秘,獨特,與其他的夥伴還有豪力一起比拼肌肉。輸掉的那一方會暫時躲起來。
534,修建老匠,獨特,神秘,即使成分相同，修建老匠攪拌的混凝土格外地堅硬結實。
535,圓蝌蚪,神秘,獨特,透過音波來聯繫夥伴。人類和其他寶可夢都聽不見牠發出的警告聲。
536,藍蟾蜍,神秘,獨特,透過發出足以造成頭痛的音波來充分削弱獵物之後，用黏糊糊的舌頭將其捉住。
537,蟾蜍王,獨特,神秘,透過震動全身的瘤來引發地震般的晃動。與不良蛙是相近的物種。
538,投摔鬼,神秘,獨特,５隻一組一起努力練習。在練習中掉隊的投摔鬼會扔掉帶子離開團隊。
539,打擊鬼,神秘,獨特,不斷地尋求強大的實力。要是看到了在山上修行的打擊鬼，就靜靜地離開吧。
540,蟲寶包,神秘,獨特,會用葉子做衣服，因此在服裝設計師之間作為吉祥物而廣受歡迎。
541,寶包繭,獨特,神秘,寶包繭居住的森林裡草木生長得特別繁盛。因為牠會將落葉轉化成養分。
542,保母蟲,獨特,神秘,用落葉發酵時產生的熱來幫蛋保溫。會以葉子為蟲寶包做襁褓。
543,百足蜈蚣,危險,謹慎,牙齒有劇毒。一旦發現了看似能吃下肚的獵物，就會不加思索地撲上去。
544,車輪毬,危險,謹慎,用堅硬的殼和有毒的刺保護自己，同時累積進化所需的能量。
545,蜈蚣王,危險,謹慎,用頸部的爪子夾住獵物後，會直接將對方摔到地上，然後用毒刺戳下去。
546,木棉球,神秘,獨特,會撒出棉花保護自己。如果淋到雨，棉花就會受潮變重，讓牠的身體動彈不得。
547,風妖精,神秘,獨特,乘著風侵入民居。把房間裡弄得滿是棉絮後，就會嘻嘻哈哈地笑著離去。
548,百合根娃娃,獨特,神秘,如果偶爾修剪葉子，就會長成圓鼓鼓很華麗的樣子。
549,裙兒小姐,神秘,獨特,一旦和♂成為伴侶，美麗的花就會漸漸黯淡，變得枯萎。
550,野蠻鱸魚,獨特,神秘,因為性情粗暴，在野蠻鱸魚群出沒的湖裡，就只有龍蝦小兵或鐵螯龍蝦之類的能夠留下來。
551,黑眼鱷,神秘,獨特,把身體潛藏在沙子中，一口吃掉在上面行走的獵物的腳。最喜歡吃的東西是大顎蟻。
552,混混鱷,獨特,神秘,多虧蓋住眼睛的特殊膜，即使在深夜也能把周圍看得一清二楚。
553,流氓鱷,獨特,神秘,當發現了前方５０公里處的獵物，就會像游泳一樣在沙漠上移動，然後飛撲過去咬住。
554,火紅不倒翁,熱情,衝動,能量之源是體內的火焰。如果火焰變小了，牠馬上就會睡著。
555,達摩狒狒,獨特,神秘,總是熱血沸騰的寶可夢。牠厚重的手臂使出的拳擊甚至能把砂石車打得粉碎。
556,沙鈴仙人掌,神秘,獨特,一年散播一次種子。花的種子營養十足，是沙漠中貴重的食糧。
557,石居蟹,獨特,神秘,如果找不到大小合適的石頭來當成自己的家，牠也會住到河馬獸的洞裡。
558,岩殿居蟹,神秘,獨特,喜歡乾燥的地方，下雨時不會從岩石裡出來。有著很強的地盤意識。
559,滑滑小子,神秘,獨特,以數隻為一組來行動。會慢吞吞地走來走去，和對方視線對上時就會冷不防用頭錘撞過去。
560,頭巾混混,冷靜,保守,會吐口水來挑釁對手。有著固定的地盤，會待在裡頭度過一生，永不離開。
561,象徵鳥,神秘,獨特,利用精神力量在空中飛翔，被稱為古代都市的守護神。也有人認為牠是守護神的使者。
562,哭哭面具,獨特,神秘,每天夜裡都在遺跡中徘徊。據說牠拿著的面具是牠還是人類時的臉。
563,死神棺,獨特,神秘,死神棺象徵著國王的財富，因此許多古墓裡都有牠的壁畫。
564,原蓋海龜,神秘,獨特,從古代的化石復活而來。當時是生活在海裡，但也會到陸地上來尋找獵物。
565,肋骨海龜,獨特,神秘,在大海和陸地兩個地方活動。會將陸地的獵物拖入海中後殺死。
566,始祖小鳥,獨特,神秘,是所有鳥寶可夢的祖先。始祖小鳥本身還不會飛，而是在樹上跳著移動。
567,始祖大鳥,獨特,神秘,古代的寶可夢。因為羽毛很細，若不是由熟練的師傅來動手，就無法成功復原。
568,破破袋,冷靜,保守,呼吸時會有毒氣漏出，聞到這個味道的臭臭泥會流著口水跑過來。
569,灰塵山,獨特,神秘,在阿羅拉的數量從某個時期開始爆炸性增加，但是自從臭泥來了之後，數量一下子便減少了。
570,索羅亞,獨特,神秘,平常很愛說話的孩子如果突然變得很沉默，就有可能是索羅亞假扮的。
571,索羅亞克,獨特,神秘,據說當牠的棲息地快要暴露在人類面前時，牠會製造出幻影，讓人在森林裡不斷徘徊。
572,泡沫栗鼠,神秘,獨特,因為有潔癖，無法容忍絲毫髒污。會把尾巴當成拖把，把髒污的地方徹底擦乾淨。
573,奇諾栗鼠,神秘,獨特,體內滲出的油在白色的毛皮上形成覆膜，能滑溜溜地避開敵人的攻擊。
574,哥德寶寶,獨特,神秘,哥德寶寶會在看似無人的地方輕聲地叫。牠好像是在與某種只有牠才看得見的東西說話。
575,哥德小童,獨特,神秘,據說會在星光閃耀的夜裡把睡著的孩子們帶走。也有人稱牠為制裁魔女。
576,哥德小姐,神秘,獨特,根據星星的動向預知未來。雖然擁有強大的精神力量，但生性並不喜好紛爭。
577,單卵細胞球,神秘,獨特,透過心靈感應來與夥伴交流。如果受到了強烈的衝擊，包裹著身體的液體就會漏出來。
578,雙卵細胞球,獨特,神秘,由於牠一分為二的大腦思考的內容幾乎完全不同，導致牠的行動非常難以預測。
579,人造細胞卵,危險,謹慎,雖然有人說只要喝掉牠特殊的液體就能得到智慧，但對人造細胞卵以外來說，那其實是劇毒。
580,鴨寶寶,冷靜,保守,受到敵人襲擊時，會從全身上下的羽毛噴出水花。混在一片水霧中逃之夭夭。
581,舞天鵝,獨特,神秘,有著優雅的外表，但卻可以有力地拍動翅膀，持續飛行數千公里。
582,迷你冰,獨特,神秘,會吐出零下５０度的寒氣。如果待在溫暖的地方，身體就會漸漸地變小。
583,多多冰,獨特,神秘,從冰河時期就已經存在。操縱冰粒讓敵人凍僵後，再用頭錘將對方打碎。
584,雙倍多多冰,獨特,神秘,２個頭擁有各自的大腦，如果兩者意見一致，就會噴出猛烈的暴風雪襲擊敵人。
585,四季鹿,獨特,神秘,氣味會隨季節變遷而改變。初春的氣味略帶香甜，能使情緒穩定下來。
586,萌芽鹿,神秘,獨特,有許多愛好者的寶可夢。愛好者們認為牠角上綻放的淡紅色花朵顏色越淡越是美麗。
587,電飛鼠,神秘,獨特,用斗篷一樣的翼膜滑翔。到處散布電流，讓敵人和同伴都紛紛觸電。
588,蓋蓋蟲,獨特,神秘,用嘴裡吐出的液體來融化小嘴蝸的殼，只會去吃裡面的身體。
589,騎士蝸牛,獨特,神秘,會舉起長矛突擊敵人。有一幅名畫描繪著牠和蔥遊兵決鬥的場景。
590,哎呀球菇,危險,謹慎,從雙臂噴出的孢子是劇毒，但據說在徹底乾燥之後，可以作為腸胃藥使用。
591,敗露球菇,危險,謹慎,會噴出帶有毒性的孢子。如果不盡快洗掉的話，就會從那裡長出蘑菇來喔。
592,輕飄飄,危險,謹慎,為了讓敵人麻痺而溺斃，牠那薄紗般的手腳上長著許多肉眼看不見的毒針。
593,胖嘟嘟,獨特,神秘,漁夫們對牠十分恐懼。傳說中牠會把漁夫拖進海裡，奪走他們的性命。
594,保母曼波,神秘,獨特,漁夫在長程航海時會帶著牠。有保母曼波在身邊就不需要醫生或藥物了。
595,電電蟲,神秘,獨特,會附在寶可夢的身上吸收靜電。自身並沒有製造電的能力。
596,電蜘蛛,神秘,獨特,發射腹部帶電的毛來攻擊。要是被牠的毛刺中，就會全身麻痺三天三夜。
597,種子鐵球,獨特,神秘,會發射尖刺來保護自己。需要反覆訓練才能將尖刺準確地射中目標。
598,堅果啞鈴,獨特,神秘,用尖刺刺裂岩壁之後，牠會用觸手的尖端接觸裂縫吸收營養。
599,齒輪兒,神秘,獨特,據說在很久以前，是看到了齒輪兒的人發明了齒輪的構造。
600,齒輪組,神秘,獨特,如果認真起來，大齒輪外圈的齒輪會和小齒輪完全接合。此時轉速將會大幅提升。
601,齒輪怪,神秘,獨特,讓３個齒輪高速旋轉。新增出來的那個帶著尖刺的齒輪並不是生物。
602,麻麻小魚,神秘,獨特,集體行動的寶可夢。擁有製造電力的器官，遇到危機時就會發電。
603,麻麻鰻,獨特,神秘,食慾旺盛的寶可夢。一發現獵物就會發動襲擊，用電流使其麻痺後大快朵頤。
604,麻麻鰻魚王,冷靜,保守,用手臂的力量從大海裡爬出，襲擊水邊的獵物。會瞬間將獵物拖入海中。
605,小灰怪,神秘,獨特,據說是大約５０年前從墜落到地上的ＵＦＯ中出現。是充滿未解之謎的寶可夢。
606,大宇怪,神秘,獨特,會用精神力量竄改對手的記憶。你的記憶說不定也已經被竄改了。
607,燭光靈,獨特,神秘,頭上燃燒著的燭光讓牠的身體保持微熱。會拉著迷路孩子的手，將他們帶向靈界。
608,燈火幽靈,獨特,神秘,偽裝成燈的樣子藏身在城鎮裡。一旦發現了臨近死期的人，便會悄悄地跟在後面。
609,水晶燈火靈,冷靜,保守,據說在用水晶燈火靈來充當照明設備的房子裡，喪事會接連不斷。
610,牙牙,神秘,獨特,在地面上築巢居住。用牙齒粉碎堅硬的樹果，和夥伴比拼力氣。
611,斧牙龍,獨特,神秘,皮膚像盔甲一樣堅硬。非常擅長在撞擊的同時用牙齒猛刺的戰法。
612,雙斧戰龍,神秘,獨特,性情溫和，但生起氣來非常恐怖。會用自己那引以為傲，可以削鐵如泥的牙齒攻擊敵人。
613,噴嚏熊,獨特,神秘,健康時鼻涕的黏度會變強。只要遇到自己討厭的對手，就會把鼻涕擦到對方身上。
614,凍原熊,冷靜,保守,在冰冷的大海裡精力十足地游泳。感到疲勞的時候會吐出氣息凍結海水，在冰面上休息。
615,幾何雪花,冷靜,保守,天氣一熱，就會變成水蒸氣。在夏天見到牠的機會少之又少。
616,小嘴蝸,神秘,獨特,一旦被敵人襲擊，便會關上殼蓋保護自己。不過蓋蓋蟲能打得開。
617,敏捷蟲,危險,謹慎,行動迅速，會噴出毒液來戰鬥。敏捷蟲擔綱主角的電影和漫畫擁有極高的人氣。
618,泥巴魚,神秘,獨特,潮間帶便是牠的巢穴。製造電的器官由於泥裡的細菌而發達起來。
619,功夫鼬,獨特,神秘,千錘百鍊的功夫鼬能夠在１分鐘內使出超過１００次的劈擊。
620,師父鼬,神秘,獨特,會用連續攻擊壓倒對手。致命的一擊會在緩慢蓄力之後施展出來。
621,赤面龍,獨特,神秘,臉上的紅色皮膚比岩石還要堅硬。在狹窄的洞窟中，會用臉朝著敵人發動突襲。
622,泥偶小人,神秘,獨特,靠著神秘的能量來活動。因為從古代開始就持續活動，有可能就快要耗盡力量了。
623,泥偶巨人,神秘,獨特,據說古代人發明泥偶巨人是為了當成勞動力來使用。牠會忠實遵從主人的命令。
624,駒刀小兵,神秘,獨特,揮舞銳利的刀刃將敵人逼向絕境。會用河灘的石頭來精心保養刀刃。
625,劈斬司令,神秘,獨特,據說無論是多麼強大的劈斬司令，一旦頭上的刀刃出現了缺損，就會從首領的位子上退下來。
626,爆炸頭水牛,獨特,神秘,只用頭錘就能壓扁汽車。頭部的那團毛越大一團，在群體裡的地位就會越高。
627,毛頭小鷹,神秘,獨特,靠著強大的腳力和結實的爪子，連大舌貝的堅硬外殼都能弄碎，去啄食裡面的東西。
628,勇士雄鷹,獨特,神秘,連死都毫不畏懼的勇敢性格。太古時代，阿羅拉的人們稱之為天空的勇士，並尊敬著牠。
629,禿鷹丫頭,獨特,神秘,還是貪玩的年紀。翅膀還未發達，所以無法飛行，會來來回回地蹦蹦跳哦。
630,禿鷹娜,神秘,獨特,會利用吃掉獵物後剩下的骨頭靈巧地做成自己的巢穴。大部分的骨頭是來自卡拉卡拉。
631,熔蟻獸,熱情,衝動,從尾部的孔洞吸入空氣，燃起火焰。如果孔洞被堵住了，身體就會不舒服。
632,鐵蟻,神秘,獨特,巨大的顎部能咬碎岩石。為了不讓沙螺蟒把蛋搶走，會和其他同類一起並肩戰鬥。
633,單首龍,神秘,獨特,因為眼睛看不見，所以會又撞又咬，來判斷四周的狀況。
634,雙首暴龍,獨特,神秘,２個頭會爭搶同一個食物。明明沒有去和別人戰鬥，卻總是遍體鱗傷。
635,三首惡龍,神秘,獨特,３個頭會輪流去咬敵人。在對方倒下之前，絕對不會停止攻擊。
636,燃燒蟲,熱情,衝動,會用火焰保護自己。過去的人們相信牠的巢在太陽上。
637,火神蛾,熱情,衝動,傳說中，牠是從熊熊燃燒著火焰的繭中誕生。會去救助受寒冷所苦的人和寶可夢。
638,勾帕路翁,神秘,獨特,生來就具有領導風範。即使是性情狂暴的寶可夢，在勾帕路翁面前也會變得溫順。
639,代拉基翁,獨特,神秘,擁有異常強大的力量。會把欺負弱小寶可夢的對手打到再也站不起來。
640,畢力吉翁,獨特,神秘,與勾帕路翁和代拉基翁並肩保護合眾地區寶可夢的傳說一直流傳至今。
641,龍捲雲,獨特,神秘,引發風暴的寶可夢。傳說由於牠攪拌大氣，季節因此得以循環不息。據吾人考察，近似人類的形態才是假象而非真身。
642,雷電雲,神秘,獨特,傳說牠憑藉自身的雷擊，自古便與宿敵龍捲雲不斷鬥爭。牠那貫穿大地的雷電使得土壤得到了精鍊。
643,萊希拉姆,熱情,衝動,從尾部噴出火焰，像噴射機那樣飛翔。據說牠能將世界燃燒殆盡。
644,捷克羅姆,神秘,獨特,在神話的敘述裡，如果人類失去了正義之心，牠就會用狂暴的雷電毀滅他們的王國。
645,土地雲,神秘,獨特,土地雲造訪的土地上，作物會結實纍纍，因此被稱為農田之神。
646,酋雷姆,獨特,神秘,為了穩定細胞組織，牠似乎用自己製造出的冷氣冰凍著身體。
647,凱路迪歐,神秘,獨特,從勾帕路翁、代拉基翁和畢力吉翁那裡學會了戰鬥。馳騁全世界，不斷修行。
648,美洛耶塔,神秘,獨特,以特殊的發聲法唱出的旋律，能自在地操控聽者的情緒。
649,蓋諾賽克特,神秘,獨特,存在於３億年前的寶可夢。被等離子隊改造，在背部裝了砲台。
650,哈力栗,獨特,神秘,頭和背部包覆著堅硬樹殼，即使被卡車撞上也能安然無事。
651,胖胖哈力,神秘,獨特,覆蓋身體的結實外殼不僅能反彈敵人的攻擊，還能以尖銳的刺展開反擊。
652,布里卡隆,獨特,神秘,有著能夠用身體撞翻５０噸重坦克車的力量。會把自身當成護盾保護夥伴。
653,火狐狸,神秘,獨特,隨身帶著小樹枝，卡滋卡滋地當零食吃。會從耳朵噴出熱氣來威嚇對手。
654,長尾火狐,神秘,獨特,尾巴上插有樹枝。用樹枝和尾巴上的毛摩擦生熱，點燃樹枝應戰。
655,妖火紅狐,熱情,衝動,只要注視著木杖前端燃燒的火焰並集中精神，就能看穿未來將會發生的事。
656,呱呱泡蛙,神秘,獨特,從胸口和背上做出泡泡。以富有彈力的泡泡抵擋攻擊，減少所受的傷害。
657,呱頭蛙,神秘,獨特,會使出用泡泡包著小石頭擲出的招式。有著能擊中３０公尺外空罐子的精準度。
658,甲賀忍蛙,冷靜,保守,如忍者般神出鬼沒。以敏捷的動作戲弄對手，再用水之手裡劍將其劈裂。
659,掘掘兔,神秘,獨特,對危險很敏感。只要聽到鋼鎧鴉拍打翅膀的聲音，就會馬上挖洞鑽進地下藏身。
660,掘地兔,神秘,獨特,力量不亞於挖掘機，連堅硬的岩盤也能挖掘。在隧道建設工程中十分活躍。
661,小箭雀,神秘,獨特,一感到興奮，體溫會上升到２倍，同時體內的荷爾蒙會變得活躍。
662,火箭雀,獨特,神秘,擁有半徑達數公里的地盤，並且不允許其他火箭雀進入。
663,烈箭鷹,神秘,獨特,喜歡吃長翅鷗和小篤兒。會對獵物施展猛烈的踢腿，再用銳利的爪子牢牢抓住。
664,粉蝶蟲,危險,謹慎,吸入體內的毒素會變成黑色的粉末後被排出體外，所以能夠吃下毒葉和毒樹根。
665,粉蝶蛹,神秘,獨特,沒有固定的住處。會隨心所欲地在山野走來走去，蓄積進化時所需的能量。
666,彩粉蝶,獨特,神秘,世界上有著各式各樣擁有不同翅膀花紋的彩粉蝶。花紋似乎是受到棲息地的氣候影響。
667,小獅獅,獨特,神秘,血氣方剛且好奇心旺盛。當牠生氣或是開始戰鬥時，短短的鬃毛就會變熱。
668,火炎獅,獨特,神秘,能吐出攝氏６０００度的氣息，但不會用在獵物身上，因為牠比較喜歡吃生肉。
669,花蓓蓓,獨特,神秘,要是沒有花的力量會很危險，但在找到自己喜愛的顏色和形狀之前，牠都會繼續旅行下去。
670,花葉蒂,獨特,神秘,會培育花朵來當成自己的武器。開得越美麗的花朵，所蘊藏的力量就越強大。
671,花潔夫人,神秘,獨特,會操縱自己培育的花朵。花潔夫人使出的落英繽紛有著壓倒性的力與美。
672,坐騎小羊,冷靜,保守,有陽光和水就能用身上的葉子製造能量，因此在沒有糧食的岩山也能生存下去。
673,坐騎山羊,獨特,神秘,在山岳地帶過著集體生活。會用角互相碰撞來一較高下，勝利的個體將成為領袖。
674,頑皮熊貓,神秘,獨特,不斷模仿被自己當成老大哥般敬仰著的流氓熊貓的舉止，由此漸漸變得獨當一面。
675,流氓熊貓,神秘,獨特,以腕力為傲，個性豪邁。想要成為流氓熊貓的訓練家的話，只能用拳頭來和牠交心。
676,多麗米亞,獨特,神秘,曾經有過一個時代，貴族之間會互相比較誰能把牠的體毛修剪得更美麗。
677,妙喵,獨特,神秘,雖然一直都面無表情，但是那其實是因為牠在努力不讓自己強大的精神力量漏出。
678,超能妙喵,獨特,神秘,雄性的防衛本能很強，在保護自己和夥伴時能發揮最大的威力。
679,獨劍鞘,神秘,獨特,獨劍鞘護手上的藍色眼珠是牠的本體。會用陳舊的布吸取人類的精氣。
680,雙劍鞘,獨特,神秘,２把劍會用令人眼花繚亂的速度不斷交替攻擊和防禦，藉以制服獵物。
681,堅盾劍怪,獨特,神秘,堅盾劍怪曾經用強大的靈力控制人和寶可夢，建立了適合自己生活的國家。
682,粉香香,神秘,獨特,用體內的香囊製造香氣的寶可夢。如果更換餵給牠的食物，製造出的香氣也會隨之改變。
683,芳香精,獨特,神秘,會發出惡臭讓敵人喪失戰意，或者發出芳香的味道來幫助自己的夥伴。
684,綿綿泡芙,獨特,神秘,蓬鬆的體毛聞起來就像棉花糖一樣甜甜的。會放出黏答答的絲纏住敵人。
685,胖甜妮,神秘,獨特,因為體毛裡富含空氣，所以摸起來十分柔軟，重量也比看起來要輕。
686,好啦魷,神秘,獨特,與夥伴交換訊息時，會讓身上的發光體以複雜的節奏發光。
687,烏賊王,神秘,獨特,會讓身體上的花紋發光，操縱獵物靠近自己。鰭的前端非常鋒利。
688,龜腳腳,獨特,神秘,如果２隻龜腳腳配合得不好，不但無法有效地攻擊和防禦，甚至沒辦法生存下去。
689,龜足巨鎧,神秘,獨特,７隻龜腳腳組成了１隻龜足巨鎧的身體。由頭部對手腳發號施令。
690,垃垃藻,獨特,神秘,為了不被大型寶可夢襲擊，總是混在海藻屑裡動也不動。主要的食物是腐爛的海草。
691,毒藻龍,危險,謹慎,性情兇暴，會對靠近自己的對手噴出毒液。不知為何就只跟破破舵輪關係非常親密。
692,鐵臂槍蝦,神秘,獨特,鉗子就算在戰鬥中脫落，也會重新長出來。鉗子裡面的肉在伽勒爾是很有人氣的珍奇美食。
693,鋼炮臂蝦,冷靜,保守,能夠利用巨大鉗子的觸角探測獵物的位置，然後發射水砲彈。
694,傘電蜥,神秘,獨特,擁有太陽能發電的結構。如果有人打擾牠發電，牠就會因心理壓力而衰弱。
695,光電傘蜥,獨特,神秘,如果展開頸傘沐浴陽光，單憑１隻光電傘蜥就能製造出大城市所需的電力。
696,寶寶暴龍,神秘,獨特,愛撒嬌又任性。有時候即使寶寶暴龍只是想鬧著玩，對手也會受到重創。
697,怪顎龍,獨特,神秘,大約１億年前的寶可夢。雖然凶暴，但威風堂堂，有王者的風範。
698,冰雪龍,獨特,神秘,曾經棲息在古代的寒冷地帶。據說當冰雪龍發出鳴叫時，夜空中就會出現極光。
699,冰雪巨龍,神秘,獨特,有人在冰山裡發現了結凍的冰雪巨龍，牠仍然保持著當時的模樣。這件事被新聞報了出來。
700,仙子伊布,神秘,獨特,從有如蝴蝶結的觸角裡釋放出削弱敵意的波動，令獵物大意後襲擊對方。
701,摔角鷹人,獨特,神秘,利用發揮輕盈體型優勢的戰法，在消耗了對手的體力之後使用華麗的絕招分出勝負。
702,咚咚鼠,獨特,神秘,能用鬍鬚接收來自夥伴們的電波，藉此向彼此分享哪裡有食物或電力。
703,小碎鑽,獨特,神秘,雖然並不是很稀有，但閃閃發光的寶石身體很受女性歡迎。
704,黏黏寶,神秘,獨特,最弱小的龍屬性寶可夢。皮膚一旦乾燥就會無法呼吸，因此總是靜靜地呆在遮蔭下哦。
705,黏美兒,神秘,獨特,獵物和夥伴的區別模糊不清。即使關係親密，有時候也會淡定地將對方溶解吸食。
706,黏美龍,神秘,獨特,如果因為牠性情溫順就去戲弄牠，會被牠用角狠戳，再用粗粗的尾巴掃倒。
707,鑰圈兒,獨特,神秘,有收集鑰匙的習慣。性格穩重，卻會偷偷潛入民居偷盜鑰匙。
708,小木靈,獨特,神秘,傳說摘取綠色的樹葉煎煮飲用的話，能治百病。
709,朽木妖,神秘,獨特,人們認為牠是可怕的森林怪物。樵夫們進入森林時，會帶著朽木妖討厭的火屬性寶可夢。
710,南瓜精,神秘,獨特,在這個世界遊蕩的靈魂會被裝到南瓜精的身體裡，啟程前往另一個世界。
711,南瓜怪人,神秘,獨特,深夜時分，牠身體裡發出的詭異叫聲似乎是死者在另一個世界裡的痛苦哭聲。
712,冰寶,冷靜,保守,用零下１００度的冷氣凍住空氣中的水分，用冰之裝甲保護自身。
713,冰岩怪,神秘,獨特,雖然身體的裂縫會因白天的活動而變大，但只要一晚就能全部長好。
714,嗡蝠,冷靜,保守,喜歡吃水果。是個美食家，會對水果發射超音波，從中挑選出成熟的果實來吃。
715,音波龍,神秘,獨特,會用連岩石都能粉碎的超音波朝目光所及的一切發動攻擊，是種性情暴躁的寶可夢。
716,哲爾尼亞斯,神秘,獨特,據說當頭上的角閃耀七色光芒時，就會分享永恆的生命。
717,伊裴爾塔爾,神秘,獨特,傳說的寶可夢。據說當牠展開的翅膀與尾羽閃耀紅色光芒時，就會吸走生物的生命。
718,基格爾德,神秘,獨特,構成基格爾德的單位聚集了大約一半時的樣子。有著監視生態系統的責任。
719,蒂安希,獨特,神秘,在雙手的間隙中壓縮空氣中的碳元素，轉瞬間變出許多鑽石。
720,胡帕,神秘,獨特,據說會用６個圓環和６隻巨大的手臂奪走一切東西。力量被封印而變成了嬌小的樣子。
721,波爾凱尼恩,冷靜,保守,噴出水蒸氣，用濃霧隱藏自己。據說住在渺無人煙的山裡。
722,木木梟,神秘,獨特,能不發出一絲聲響地滑翔，極速接近敵人。在對方還未發覺時，使出猛烈的腳踢來攻擊。
723,投羽梟,神秘,獨特,將被稱為刃羽的銳利羽毛射向敵人或獵物。基本上百發百中。
724,狙射樹梟,神秘,獨特,托弓拉弦射出藏在翅膀裡的箭羽。精準度高到連前方１００米遠的小石頭也能貫穿。
725,火斑喵,獨特,神秘,如果被糾纏不休，就會變得不肯打開心扉。就算和牠變得親近了，也嚴禁與牠有過度的親密接觸。
726,炎熱喵,神秘,獨特,變得親近後也會對訓練家撒嬌。但因為力氣很大，爪子又很銳利，訓練家會被弄得全身是傷。
727,熾焰咆哮虎,熱情,衝動,在使出猛烈的拳擊或腳踢後，會從肚臍周圍噴出火焰，將敵人一擊斃命。
728,球球海獅,神秘,獨特,靠著每天不斷地練習，用鼻子吹出的氣球會一點一滴地漸漸變大。
729,花漾海獅,神秘,獨特,非常關心自己的夥伴。訓練家如果情緒低落，就會跳舞給予鼓勵。
730,西獅海壬,獨特,神秘,靈活運用歌聲來戰鬥。每天保養牠的喉嚨，是訓練家的重要任務。
731,小篤兒,神秘,獨特,會用堅硬的鳥嘴啄樹木。從牠啄擊的節奏可以大致看出牠當時的心情和身體狀況。
732,喇叭啄鳥,神秘,獨特,揚起鳥嘴，以各種聲音鳴叫。因為相當吵鬧，所以被周圍的居民們嫌棄。
733,銃嘴大鳥,獨特,神秘,在嘴裡爆發體內的氣體，發射出樹果的種子。威力大到連巨大的岩石也能粉碎。
734,貓鼬少,獨特,神秘,銳利的牙齒可咬住任何東西。原本並不住在阿羅拉，是從其他地區被帶過來的。
735,貓鼬探長,神秘,獨特,原本沒有棲息在阿羅拉，是在過去小拉達大量繁殖的時候被人們帶過來的。
736,強顎雞母蟲,獨特,神秘,為了不被鳥寶可夢襲擊，經常聚集在電屬性寶可夢棲息的地方。
737,蟲電寶,獨特,神秘,吃下食物後進行消化時產生的電能會被儲藏在電力袋中。
738,鍬農炮蟲,獨特,神秘,來回盤旋尋找機會。用巨大的顎部積蓄電能，向敵人發射。
739,好勝蟹,獨特,神秘,用鉗子保護自己的弱點，同時等候時機出拳。輸了的話會吐著泡泡倒下。
740,好勝毛蟹,獨特,神秘,原本是為了超越顛峰而深入山中修行，卻走錯路登上雪山，在忍受寒冷的同時，毛髮不斷生長而產生了進化。
741,花舞鳥,獨特,神秘,吸食了朱紅色花蜜的花舞鳥。以熱情的舞步將敵人的身心全部燃燒殆盡。
742,萌虻,神秘,獨特,花蜜和花粉是牠的食物。擁有感知氣場的力量，能分辨出要綻放的花。
743,蝶結萌虻,獨特,神秘,討厭下雨，因為花粉會濕掉。當天上烏雲密佈的時候，牠會靜靜地躲在樹洞裡不動。
744,岩狗狗,獨特,神秘,從過去開始就一直和人類生活。當訓練家感到悲傷的時候，牠會察覺到，並不會離開對方身邊。
745,鬃岩狼人,獨特,神秘,鬃毛裡的岩石像刀子一樣鋒利。會對獵物窮追不捨，等獵物筋疲力盡時再給予致命一擊。
746,弱丁魚,神秘,獨特,因為很弱小，總是以群體行動。但也能經常見到與群體走散了的弱丁魚單獨游動的樣子。
747,好壞星,神秘,獨特,因為牠會吃太陽珊瑚的枝條，所以專門收集自然掉落的枝條來加工的工匠們很討厭牠。
748,超壞星,危險,謹慎,如果被超壞星的毒傷到，會連續３天３夜遭受劇烈的疼痛，即使得到救助也會留下後遺症。
749,泥驢仔,神秘,獨特,最喜歡玩泥巴。如果沒有每天到泥巴裡玩的話，會因為壓力累積而變得不聽話。
750,重泥挽馬,神秘,獨特,從嘴裡吐出的泥凝固後，即使是風雨也能擋得住，所以過去常被塗在家屋的外牆上。
751,滴蛛,冷靜,保守,發現獵物或敵人後，會將頭上戴著的水泡彈出去，用水進行攻擊。
752,滴蛛霸,冷靜,保守,用頭部的水泡來進行頭錘攻擊。如果是弱小的寶可夢，會被裹進水泡溺死。
753,偽螳草,神秘,獨特,白天的時候，一邊沐浴陽光一邊睡覺。到了晚上就會為尋找更安全的睡床而走出來。
754,蘭螳花,獨特,神秘,從鐮刀狀的花瓣中放射光束。具有連厚厚的鐵板也能一切兩半的威力。
755,睡睡菇,獨特,神秘,在周圍到處散播一閃一閃發著光的孢子。看到這個光的都會陷入沉睡中。
756,燈罩夜菇,神秘,獨特,會噴出閃爍的孢子讓獵物睡著，再從睡著的獵物身上吸取精氣。
757,夜盜火蜥,危險,謹慎,燃燒體液製造毒瓦斯。在吸了毒瓦斯的敵人變得頭暈目眩之後發動襲擊。
758,焰后蜥,神秘,獨特,不知為何只發現♀。率領夜盜火蜥的♂，組成逆後宮一起生活。
759,童偶熊,神秘,獨特,外表惹人喜愛，但如果被牠發怒後胡亂揮舞的腿碰到，即使是職業摔角手也會被踢到老遠。
760,穿著熊,獨特,神秘,大動作的揮手是威嚇與警戒的信號。看見時一定要立刻逃走，不然可是會沒命的。
761,甜竹竹,神秘,獨特,甜美的香味讓牠成了鳥寶可夢襲擊的對象，但因為牠不怎麼聰明，所以根本不在意。
762,甜舞妮,神秘,獨特,因為被堅硬的果蒂保護著，所以跟鳥寶可夢也能安心玩耍。雖然不停被啄，但牠毫不在意。
763,甜冷美后,獨特,神秘,以擁有美腿的寶可夢為人所知，成了美容沙龍等廣告的吉祥物。
764,花療環環,神秘,獨特,把藤蔓上附著的花放進浴盆裡飄浮，泡澡時就會有舒緩的效果，在廣大女性中極具人氣。
765,智揮猩,獨特,神秘,平時待在樹上冥想度日。會隨意投擲精靈球，對寶可夢下達命令。
766,投擲猴,獨特,神秘,使用堅硬的樹果戰鬥。這個技術會透過每一代的老大傳承給團隊裡的夥伴們。
767,膽小蟲,獨特,神秘,掉在地上的東西全都會撿起來。因為有時也會撿到硬幣，所以會被黑暗鴉和喵喵襲擊。
768,具甲武者,獨特,神秘,用６條手臂靈活地戰鬥。平時就在深海的岩洞裡像在冥想一般靜靜地生活。
769,沙丘娃,獨特,神秘,為了讓沙山的身體變大，會操縱把手伸進自己嘴巴者。
770,噬沙堡爺,獨特,神秘,每一粒沙子都有意識。會活生生吞下小型寶可夢，奪走對方的精氣。
771,拳海參,神秘,獨特,扔拳海參的文化最早是始於將被沖上海岸的拳海參扔回海裡的習俗。
772,屬性：空,神秘,獨特,帶著沉重的控制面罩，無法釋放出原有的能力。蘊藏著特別的力量。
773,銀伴戰獸,獨特,神秘,覺醒進化之後的模樣。從沉重的面罩中獲得解放，速度大幅提升。
774,小隕星,神秘,獨特,若受到強烈的衝擊，外殼就會剝落。是奈米粒子突變而誕生的寶可夢。
775,樹枕尾熊,神秘,獨特,抱住的樹是出生時父母所贈的。關係親密的話，也會緊緊抱著訓練家的胳膊。
776,爆焰龜獸,獨特,神秘,棲息在火山，吃硫磺和礦物為生。吃下的食物中所含的成分形成了牠那會爆炸的甲殼。
777,托戈德瑪爾,神秘,獨特,背上的針毛平時是倒伏的。一旦興奮就會倒立起來，刺向前來襲擊的敵人。
778,謎擬Ｑ,獨特,神秘,真面目是個謎。某個看過破布裡面的學者因為太可怕而被活活嚇死了。
779,磨牙彩皮魚,神秘,獨特,會潛藏在沙子裡，從頭部的突起物發射精神力量，在探查周圍狀況的同時等待獵物。
780,老翁龍,神秘,獨特,如果和自己成為朋友的孩子被欺負，牠會去找出欺負人的那個孩子家，然後把房子燒光光。
781,破破舵輪,神秘,獨特,會用綠色的海藻纏住獵物並奪取精氣。總是喜歡找上吼鯨王之類的大型對手。
782,心鱗寶,神秘,獨特,會用頭部的鱗片敲擊岩石或地面來威嚇對手。也會用這種聲音和夥伴聯絡。
783,鱗甲龍,獨特,神秘,鱗片會不斷更替。隨著每次嶄新蛻變，鱗片會變得堅硬又鋒利。
784,杖尾鱗甲龍,神秘,獨特,堅硬的鱗片集攻防於一體。過去曾被加工成武器和日用品來使用。
785,卡璞・鳴鳴,獨特,神秘,以迅雷不及掩耳的速度擾亂敵人。雖然極度易怒，但卻很快就會忘記為何生氣。
786,卡璞・蝶蝶,神秘,獨特,會四處散佈閃閃發亮的鱗粉，治癒人和寶可夢的傷。是阿羅拉的人們信奉的守護神。
787,卡璞・哞哞,獨特,神秘,拔出巨大的樹木，轟轟地來回揮舞。會讓草木茂盛生長，再吸收其中的能量。
788,卡璞・鰭鰭,冷靜,保守,操縱水的波尼守護神。傳說會生出能夠除去污穢的清淨之水。
789,科斯莫古,神秘,獨特,容易消逝的氣體狀身體。一邊收集大氣中的塵埃，一邊慢慢地成長著。
790,科斯莫姆,獨特,神秘,太古時代支配著阿羅拉的國王稱呼牠為星之繭，為了崇拜牠而建造了祭壇。
791,索爾迦雷歐,獨特,神秘,傳說中棲息在另一個世界裡。當全身釋放出強烈的光芒時，能將暗夜照亮如白晝。
792,露奈雅拉,神秘,獨特,在遙遠過去的文獻裡，牠被人們以邀引月亮之獸的名字記錄了下來。
793,虛吾伊德,神秘,獨特,ＵＢ的一種。是否有自主意識尚不清楚，但不時會展現少女般的姿態。
794,爆肌蚊,神秘,獨特,謎一般的生物──ＵＢ。被目擊到了一拳把大卡車打得粉碎的情景。
795,費洛美螂,獨特,神秘,棲息在其他世界的生命體。身體纖細柔軟，但似乎蘊藏著強大的力量。
796,電束木,神秘,獨特,在這個世界是危險的異類，但在原本棲息的世界裡，牠似乎是常見的普通生物。
797,鐵火輝夜,獨特,神秘,ＵＢ的一種。有人看見牠從２條手臂噴出氣體燒毀森林的樣子。
798,紙御劍,神秘,獨特,來自究極之洞的ＵＢ。本身不會主動襲擊敵人，但是銳利的全身就是兇器。
799,惡食大王,獨特,神秘,報告指出有人見過牠削山吞樓的模樣。是究極異獸的一種。
800,奈克洛茲瑪,神秘,獨特,為了尋求作為能量的光而發狂的牠看起來有些痛苦。似乎是來自於其他世界。
801,瑪機雅娜,神秘,獨特,機械結構的身體只是一個容器。被稱為魂心的人造靈魂才是牠的本體。
802,瑪夏多,獨特,神秘,能夠潛入對手的影子，模仿對手的動作和能力。在模仿的過程中會變得比本尊更強。
803,毒貝比,危險,謹慎,棲息在異世界的究極異獸。會從頭上的毒針朝對手噴出毒液，然後放聲大笑。
804,四顎針龍,危險,謹慎,體內儲存著數百公升的毒液，是被稱為究極異獸的生物中的一種。
805,壘磊石,獨特,神秘,從究極之洞中出現。似乎是由多數的生命堆積起來形成的個體。
806,砰頭小丑,獨特,神秘,會扭動著身體靠近人，然後突然讓頭爆炸。似乎是究極異獸的一種。
807,捷拉奧拉,神秘,獨特,以媲美閃電的速度奔跑，用能釋放高壓電的爪子將敵人撕得粉碎。
808,美錄坦,獨特,神秘,美錄坦們雖然聚在一起生活，但當時機到來，會由最強的那１隻吸收其他的夥伴來進化。
809,美錄梅塔,神秘,獨特,美錄梅塔利用離心力帶動沉重的螺帽揮出的拳擊被認為是寶可夢界之最。
810,敲音猴,神秘,獨特,會用木棒連續擊打來攻擊。在以飛快的速度擊打的同時，情緒也會變得越來越高漲。
811,啪咚猴,神秘,獨特,越是能用２根木棒敲奏出激烈節拍的啪咚猴，越是能獲得夥伴們的尊敬。
812,轟擂金剛猩,神秘,獨特,能夠透過打鼓來控制特別的樹樁中的力量，操縱樹根進行戰鬥。
813,炎兔兒,神秘,獨特,不斷奔跑使體溫升高後，火之能量會在牠體內循環，促使牠發揮出真正的力量。
814,騰蹴小將,神秘,獨特,會用腳把樹果從樹木上踢落，用來練習挑球，藉此鍛鍊自己的腳法。
815,閃焰王牌,獨特,神秘,擁有熟練的進攻和防守技巧。只要得到聲援就會更有衝勁，但有時會為了出風頭而弄巧成拙。
816,淚眼蜥,冷靜,保守,害怕時流下的淚水中含有相當於１００顆洋蔥的催淚成分，能讓對手淚流不止。
817,變澀蜥,冷靜,保守,很有戰略頭腦，會把手掌分泌出的水分做成水彈攻擊敵人。
818,千面避役,冷靜,保守,身上隱藏著多種特殊能力，例如從手指噴射水流，以及用背部的翼膜滑翔等等。
819,貪心栗鼠,神秘,獨特,在伽勒爾隨處可見。如果不往兩邊的頰囊裡塞滿樹果，就會感到不安。
820,藏飽栗鼠,獨特,神秘,無論多麼堅硬的樹果殼都能用引以為傲的大牙咬碎。在伽勒爾是很常見的寶可夢。
821,稚山雀,獨特,神秘,嬌小的體型讓牠能敏捷地飛翔。攻其不備的戰法將體型巨大的對手玩弄於股掌之間。
822,藍鴉,獨特,神秘,歷經無數次艱難的戰鬥後，牠學會了該如何正確地判斷敵人的力量。
823,鋼鎧鴉,神秘,獨特,在伽勒爾地區的空中所向無敵。牠那黑得發亮的鋼鐵之軀有著讓敵人畏懼的威懾力。
824,索偵蟲,獨特,神秘,經常出現在田地裡的寶可夢。會透過長在身體上的毛來感應周圍發生的事。
825,天罩蟲,獨特,神秘,正在殼裡成長著。用精神力量掌握外界的狀況，做好進化的準備。
826,以歐路普,神秘,獨特,以頭腦聰慧而聞名。大大的腦子是牠擁有出眾精神力量的證明。
827,偷兒狐,獨特,神秘,性情謹慎且狡猾。在偷盜食物逃走的時候會用尾巴擦掉自己的足跡。
828,狐大盜,獨特,神秘,靠著輕盈的身體和銳利的爪子到處去偷食物和蛋。逐電犬是牠的天敵。
829,幼棉棉,神秘,獨特,會隨著微風一邊轉圈圈一邊愉快地唱歌。許多人因為喜歡這可愛的模樣而培育牠。
830,白蓬蓬,獨特,神秘,棉絮的種子營養豐富。牠會藉由風散播種子，讓草木和寶可夢變得活力十足。
831,毛辮羊,神秘,獨特,捲捲的體毛彈性十足。就算從懸崖上掉下去，也不會受傷。
832,毛毛角羊,神秘,獨特,用牠那彈力十足的毛織成的地毯就像是彈簧墊，可以站上去蹦蹦跳。
833,咬咬龜,獨特,神秘,會用頭上硬如岩石的角攻擊敵人。趁其不備之時大口咬住對方，一旦咬住便再也不會鬆口。
834,暴噬龜,獨特,神秘,性情凶暴的寶可夢。會用能咬斷鐵棍的顎部大口咬住獵物。
835,來電汪,獨特,神秘,奔跑的時候會從尾巴的根部製造出電能。在伽勒爾是很受歡迎的牧羊犬。
836,逐電犬,獨特,神秘,電力增強了牠的腳力。當以最高速度奔跑時，時速可以輕易超過９０公里。
837,小炭仔,神秘,獨特,在滿是岩石的崎嶇路面上也能像獨輪車那樣自在移動。靠燃燒煤炭維持生命。
838,大炭車,獨特,神秘,能在體內製造煤炭。在過去，伽勒爾人曾經用牠身上掉下來的煤炭生活。
839,巨炭山,獨特,神秘,進入戰鬥狀態後，牠會把煤炭山燃燒得通紅，飛撒火花來燒焦四周。
840,啃果蟲,神秘,獨特,終其一生都在蘋果裡度過。遇到天敵鳥寶可夢時，會裝成蘋果保護自己。
841,蘋裹龍,獨特,神秘,會用蘋果皮的翅膀飛翔，並吐出強酸性的唾液。能變成蘋果的形狀。
842,豐蜜龍,獨特,神秘,身體被甜甜的蜜汁包裹，背部的皮尤其甘甜，過去曾經是小孩的零食。
843,沙包蛇,神秘,獨特,會從鼻孔噴射出沙子，趁敵人看不清的時候躲進地底下藏身。
844,沙螺蟒,獨特,神秘,蜷縮身體後從鼻孔裡噴射出１００公斤的沙子。沒有了沙子就會變得很懦弱。
845,古月鳥,神秘,獨特,非常貪吃，會把刺梭魚整隻吞進嘴裡。偶爾也會搞錯對象去咬其他的寶可夢。
846,刺梭魚,獨特,神秘,尖銳的下巴是牠的驕傲。只要發現周圍有什麼小動作，就會一直線衝過去。
847,戽斗尖梭,神秘,獨特,像長矛一樣尖銳的下巴擁有鋼鐵般的硬度。據說牠的肉好吃得驚人。
848,毒電嬰,危險,謹慎,會從皮膚把體內的毒囊裡儲存著的毒素分泌出來。一旦觸碰牠就會感到麻麻的。
849,顫弦蠑螈,獨特,神秘,當牠用力抓撓胸部的突起物來製造電力時，四周會響起如同吉他演奏般的聲音。
850,燒火蚣,獨特,神秘,靠儲存在體內的可燃氣體來發熱。熱度最高的是腹部的黃色部分。
851,焚焰蚣,神秘,獨特,性情極具攻擊性。危險的不只是牠燒燙的身體，大大的獠牙也銳利無比。
852,拳拳蛸,神秘,獨特,會為了尋找食物而登上陸地。擁有旺盛的好奇心，不管看到什麼，都會先用觸手打一打再說。
853,八爪武師,神秘,獨特,全身都是肌肉。會用觸手施展絞技，威力無與倫比。
854,來悲茶,神秘,獨特,被牠當成住處的茶杯是有名的古董餐具。市面上有很多贗品。
855,怖思壺,獨特,神秘,每當發現喝剩的紅茶，牠就會把自己的身體倒進去，讓那壺紅茶變成怖思壺。
856,迷布莉姆,神秘,獨特,透過頭部的突起物來感應生物的情感。只對溫和的人敞開心扉。
857,提布莉姆,獨特,神秘,會用頭上的辮子攻擊對手，讓對方安靜下來。破壞力強到能一擊ＫＯ職業拳擊手。
858,布莉姆溫,獨特,神秘,又被稱為森林魔女。如果有人大吵大鬧，可能會被牠用觸手上的爪子撕碎。
859,搗蛋小妖,獨特,神秘,不但會溜進民宅偷盜，還會吸收人們悔恨時的負面能量。
860,詐唬魔,神秘,獨特,喜歡動歪腦筋，把人們引誘到深夜的森林中。似乎擁有培育農作物的能力。
861,長毛巨魔,獨特,神秘,毛髮能發揮肌肉纖維般的作用。伸展開來時會像觸手那樣把對手纏繞起來。
862,堵攔熊,神秘,獨特,能夠發出驚人的音量。牠在大叫的同時威嚇對手的樣子被稱為「攔堵」。
863,喵頭目,神秘,獨特,有著十分好戰的性格。頭上像鐵頭盔一樣的東西其實是牠硬化後的體毛。
864,魔靈珊瑚,神秘,獨特,一定要小心牠那包覆著靈魂的靈體。如果觸摸到，就會像石頭一樣動彈不得。
865,蔥遊兵,神秘,獨特,只有歷經過無數戰鬥的大蔥鴨才能進化成這個樣子。當大蔥枯萎了就會離開戰場。
866,踏冰人偶,獨特,神秘,幽默的動作使牠獲得了眾人的喜愛。能從腹部的圖案釋放出精神力量。
867,死神板,神秘,獨特,被注入了強烈詛咒的古代繪畫在吸進哭哭面具的靈魂後就開始動起來了。
868,小仙奶,神秘,獨特,據說有小仙奶現身的蛋糕店保證能生意興隆。
869,霜奶仙,獨特,神秘,牠會把自己用鮮奶油裝飾過的樹果送給自己信任的訓練家。
870,列陣兵,獨特,神秘,列陣兵由１個頭頭和５個跟班組成。頭頭的命令不可違抗。
871,啪嚓海膽,神秘,獨特,每根刺裡都儲存著電力。即使是折斷的刺也至少能持續放電３小時。
872,雪吞蟲,神秘,獨特,能吐出帶著冷氣的絲。會用絲把自己掛在樹枝上，一邊裝成冰柱一邊睡覺。
873,雪絨蛾,獨特,神秘,絕不放過破壞山野環境的人。會用冰冷的翅膀四處飛翔，製造出暴風雪來懲罰他們。
874,巨石丁,獨特,神秘,佇立在大草原上，每天眺望著日升日落。擅長強而有力的踢技。
875,冰砌鵝,神秘,獨特,從非常寒冷的地方漂流而來。隨時都用冰塊冰鎮著自己的臉。
876,愛管侍,獨特,神秘,會用頭上的角讀取對方的心情。雄性就像管家一樣，在主人的身邊打理一切。
877,莫魯貝可,獨特,神秘,無論怎麼吃都會馬上肚子餓。十分珍愛自己用電烘烤過的種子，隨時都帶在身上。
878,銅象,獨特,神秘,能輕鬆舉起重達５噸的貨物的大力士寶可夢。會用鼻子挖地。
879,大王銅象,獨特,神秘,群居的寶可夢。鼻子的握力十分強勁，甚至能把大石頭弄得粉碎。
880,雷鳥龍,和平,穩定,在遠古時代曾憑藉自己強大的下半身而所向無敵，但因吃光了賴以為生的植物而滅絕了。
881,雷鳥海獸,獨特,神秘,牠凍成冰的上半身在顫抖時可以產生電能。非常不擅長走路。
882,鰓魚龍,冷靜,保守,雖然能用自豪的腳力以６０公里的時速奔跑，但是只能在水中呼吸。
883,鰓魚海獸,獨特,神秘,雖然能透過凍結四周來捕捉獵物，但由於嘴長在頭頂上，所以吃起東西來不太方便。
884,鋁鋼龍,獨特,神秘,由特殊金屬構成的身體十分輕盈，能夠靈活地活動。不喜歡下雨，所以住在洞窟裡。
885,多龍梅西亞,神秘,獨特,雖然單獨１隻弱得甚至敵不過小孩，但會和夥伴合作一起鍛鍊，透過進化而變得更強。
886,多龍奇,獨特,神秘,飛行速度為每小時２００公里。與多龍梅西亞一起戰鬥，到牠進化為止都會細心照顧。
887,多龍巴魯托,獨特,神秘,牠角裡的多龍梅西亞似乎滿心期待著能被以音速發射出去。
888,蒼響,獨特,神秘,被稱為傳說中的英雄。能夠吸收金屬，將之轉化為武器來戰鬥。
889,藏瑪然特,神秘,獨特,以石像般的姿態陷入長久沉眠的寶可夢。幾乎就要被人們所遺忘。
890,無極汰那,神秘,獨特,來自於２萬年前墜落到地上的隕石之中。似乎與極巨化之謎有所關聯。
891,熊徒弟,神秘,獨特,藉由累積嚴苛的鍛鍊來磨練招式。進化後的樣子會根據牠領會的招式而不同。
892,武道熊師,獨特,神秘,一擊必殺是牠的信念。會衝進對手的懷裡，不留情地用千錘百煉的拳頭給予一擊。
893,薩戮德,和平,穩定,生長在身上的藤蔓斷落後會化為土壤的養分，孕育森林裡的各種植物。
894,雷吉艾勒奇,神秘,獨特,全身都是能發電的器官。牠製造的電能可以滿足伽勒爾全域的電力需求。
895,雷吉鐸拉戈,獨特,神秘,全身是由龍之能量的結晶打造而成。據說牠擁有所有的龍寶可夢的力量。
896,雪暴馬,獨特,神秘,擁有十分驚人的怪力。遮住臉部的冰面罩比鑽石還要堅硬１００倍。
897,靈幽馬,獨特,神秘,在漆黑的夜裡奔馳，吸取正在睡覺的生物的生命能量。喜愛孤獨與寂靜。
898,蕾冠王,神秘,獨特,曾在很久以前統治伽勒爾的傳說之王。擁有治癒心靈，讓草木發芽的力量。
899,詭角鹿,神秘,獨特,製造肉眼不可見的障壁時，黑珠會發出妖異的光輝。從牠身上脫落的鬍鬚是用來製作溫暖冬衣的實用原料。
900,劈斧螳螂,獨特,神秘,用堅硬的岩石守護己身，以粗獷的斧頭砍倒大樹。性情暴躁易怒。要是在荒野遇見牠，逃跑將是唯一選擇。
901,月月熊,獨特,神秘,考察結果顯示，正是遍布在洗翠大地上的濕地土壤，造就了牠堅實的軀體和自在運用泥炭的新能力。
902,幽尾玄魚,神秘,獨特,在溯河而上的旅程中半途喪命者的靈魂纏繞其身。在流經洗翠地區的河川裡可謂所向無敵。
903,大狃拉,危險,謹慎,擁有凌駕其他物種之上的身體能力以及劇毒。在寒冷的高地上所向無敵。偏好獨自行動，而不會集結成群。
904,萬針魚,危險,謹慎,身上如同槍尖般的針以及凶暴的性情使這種寶可夢得到了海鬼的外號。會吞下毒物作為己身糧食。
905,眷戀雲,神秘,獨特,當牠越過大海飛來，便代表嚴寒的冬季即將終結。傳說中其慈愛將使新的生命在洗翠大地上萌芽。
